-- Insert Data into Schema - DO NOT RUN unitl Create Schema Script has been run
-- If you time out, run each table seperately or expand your time out time length in settings
-- If you run into issues with this script - you can use the CSVs to import into the tables using the import wizard 


# INSERT INTO ALDERMAN_ID TABLE #

INSERT INTO `Alderman_Information` (`Alderman_ID`,`Alderman_Last_Name`,`Alderman_First_Name`) VALUES (1,'La Spata',' Daniel');
INSERT INTO `Alderman_Information` (`Alderman_ID`,`Alderman_Last_Name`,`Alderman_First_Name`) VALUES (2,'Hopkins',' Brian');
INSERT INTO `Alderman_Information` (`Alderman_ID`,`Alderman_Last_Name`,`Alderman_First_Name`) VALUES (3,'Dowell',' Pat');
INSERT INTO `Alderman_Information` (`Alderman_ID`,`Alderman_Last_Name`,`Alderman_First_Name`) VALUES (4,'King',' Sophia D.');
INSERT INTO `Alderman_Information` (`Alderman_ID`,`Alderman_Last_Name`,`Alderman_First_Name`) VALUES (5,'Hairston',' Leslie A.');
INSERT INTO `Alderman_Information` (`Alderman_ID`,`Alderman_Last_Name`,`Alderman_First_Name`) VALUES (6,'Sawyer',' Roderick T.');
INSERT INTO `Alderman_Information` (`Alderman_ID`,`Alderman_Last_Name`,`Alderman_First_Name`) VALUES (7,'Mitchell',' Gregory I.');
INSERT INTO `Alderman_Information` (`Alderman_ID`,`Alderman_Last_Name`,`Alderman_First_Name`) VALUES (8,'Harris',' Michelle A.');
INSERT INTO `Alderman_Information` (`Alderman_ID`,`Alderman_Last_Name`,`Alderman_First_Name`) VALUES (9,'Beale',' Anthony');
INSERT INTO `Alderman_Information` (`Alderman_ID`,`Alderman_Last_Name`,`Alderman_First_Name`) VALUES (10,'Sadlowski Garza',' Susan');
INSERT INTO `Alderman_Information` (`Alderman_ID`,`Alderman_Last_Name`,`Alderman_First_Name`) VALUES (11,'Thompson',' Patrick D.');
INSERT INTO `Alderman_Information` (`Alderman_ID`,`Alderman_Last_Name`,`Alderman_First_Name`) VALUES (12,'Cardenas',' George A.');
INSERT INTO `Alderman_Information` (`Alderman_ID`,`Alderman_Last_Name`,`Alderman_First_Name`) VALUES (13,'Quinn',' Marty');
INSERT INTO `Alderman_Information` (`Alderman_ID`,`Alderman_Last_Name`,`Alderman_First_Name`) VALUES (14,'Burke',' Edward M.');
INSERT INTO `Alderman_Information` (`Alderman_ID`,`Alderman_Last_Name`,`Alderman_First_Name`) VALUES (15,'Lopez',' Raymond A.');
INSERT INTO `Alderman_Information` (`Alderman_ID`,`Alderman_Last_Name`,`Alderman_First_Name`) VALUES (16,'Coleman',' Stephanie D.');
INSERT INTO `Alderman_Information` (`Alderman_ID`,`Alderman_Last_Name`,`Alderman_First_Name`) VALUES (17,'Moore',' David H.');
INSERT INTO `Alderman_Information` (`Alderman_ID`,`Alderman_Last_Name`,`Alderman_First_Name`) VALUES (18,'Curtis',' Derrick G.');
INSERT INTO `Alderman_Information` (`Alderman_ID`,`Alderman_Last_Name`,`Alderman_First_Name`) VALUES (19,'O\'Shea',' Matthew J.');
INSERT INTO `Alderman_Information` (`Alderman_ID`,`Alderman_Last_Name`,`Alderman_First_Name`) VALUES (20,'Taylor',' Jeanette B.');
INSERT INTO `Alderman_Information` (`Alderman_ID`,`Alderman_Last_Name`,`Alderman_First_Name`) VALUES (21,'Brookins Jr.',' Howard');
INSERT INTO `Alderman_Information` (`Alderman_ID`,`Alderman_Last_Name`,`Alderman_First_Name`) VALUES (22,'Rodriguez',' Michael D.');
INSERT INTO `Alderman_Information` (`Alderman_ID`,`Alderman_Last_Name`,`Alderman_First_Name`) VALUES (23,'Tabares',' Silvana');
INSERT INTO `Alderman_Information` (`Alderman_ID`,`Alderman_Last_Name`,`Alderman_First_Name`) VALUES (24,'Scott Jr.','Michael');
INSERT INTO `Alderman_Information` (`Alderman_ID`,`Alderman_Last_Name`,`Alderman_First_Name`) VALUES (25,'Sigcho-Lopez',' Byron');
INSERT INTO `Alderman_Information` (`Alderman_ID`,`Alderman_Last_Name`,`Alderman_First_Name`) VALUES (26,'Maldonado',' Roberto');
INSERT INTO `Alderman_Information` (`Alderman_ID`,`Alderman_Last_Name`,`Alderman_First_Name`) VALUES (27,'Burnett Jr.',' Walter');
INSERT INTO `Alderman_Information` (`Alderman_ID`,`Alderman_Last_Name`,`Alderman_First_Name`) VALUES (28,'Ervin',' Jason C.');
INSERT INTO `Alderman_Information` (`Alderman_ID`,`Alderman_Last_Name`,`Alderman_First_Name`) VALUES (29,'Taliaferro',' Chris');
INSERT INTO `Alderman_Information` (`Alderman_ID`,`Alderman_Last_Name`,`Alderman_First_Name`) VALUES (30,'Reboyras',' Ariel');
INSERT INTO `Alderman_Information` (`Alderman_ID`,`Alderman_Last_Name`,`Alderman_First_Name`) VALUES (31,'Cardona Jr.',' Felix');
INSERT INTO `Alderman_Information` (`Alderman_ID`,`Alderman_Last_Name`,`Alderman_First_Name`) VALUES (32,'Waguespack',' Scott');
INSERT INTO `Alderman_Information` (`Alderman_ID`,`Alderman_Last_Name`,`Alderman_First_Name`) VALUES (33,'Rodriguez Sanchez',' Rossana');
INSERT INTO `Alderman_Information` (`Alderman_ID`,`Alderman_Last_Name`,`Alderman_First_Name`) VALUES (34,'Austin',' Carrie M.');
INSERT INTO `Alderman_Information` (`Alderman_ID`,`Alderman_Last_Name`,`Alderman_First_Name`) VALUES (35,'Ramirez-Rosa',' Carlos');
INSERT INTO `Alderman_Information` (`Alderman_ID`,`Alderman_Last_Name`,`Alderman_First_Name`) VALUES (36,'Villegas',' Gilbert');
INSERT INTO `Alderman_Information` (`Alderman_ID`,`Alderman_Last_Name`,`Alderman_First_Name`) VALUES (37,'Mitts',' Emma');
INSERT INTO `Alderman_Information` (`Alderman_ID`,`Alderman_Last_Name`,`Alderman_First_Name`) VALUES (38,'Sposato',' Nicholas');
INSERT INTO `Alderman_Information` (`Alderman_ID`,`Alderman_Last_Name`,`Alderman_First_Name`) VALUES (39,'Nugent',' Samantha');
INSERT INTO `Alderman_Information` (`Alderman_ID`,`Alderman_Last_Name`,`Alderman_First_Name`) VALUES (40,'Vasquez Jr.',' Andres');
INSERT INTO `Alderman_Information` (`Alderman_ID`,`Alderman_Last_Name`,`Alderman_First_Name`) VALUES (41,'Napolitano',' Anthony V.');
INSERT INTO `Alderman_Information` (`Alderman_ID`,`Alderman_Last_Name`,`Alderman_First_Name`) VALUES (42,'Reilly',' Brendan');
INSERT INTO `Alderman_Information` (`Alderman_ID`,`Alderman_Last_Name`,`Alderman_First_Name`) VALUES (43,'Smith',' Michele');
INSERT INTO `Alderman_Information` (`Alderman_ID`,`Alderman_Last_Name`,`Alderman_First_Name`) VALUES (44,'Tunney',' Thomas');
INSERT INTO `Alderman_Information` (`Alderman_ID`,`Alderman_Last_Name`,`Alderman_First_Name`) VALUES (45,'Gardiner',' James M.');
INSERT INTO `Alderman_Information` (`Alderman_ID`,`Alderman_Last_Name`,`Alderman_First_Name`) VALUES (46,'Cappleman',' James');
INSERT INTO `Alderman_Information` (`Alderman_ID`,`Alderman_Last_Name`,`Alderman_First_Name`) VALUES (47,'Martin',' Walter');
INSERT INTO `Alderman_Information` (`Alderman_ID`,`Alderman_Last_Name`,`Alderman_First_Name`) VALUES (48,'Osterman',' Harry');
INSERT INTO `Alderman_Information` (`Alderman_ID`,`Alderman_Last_Name`,`Alderman_First_Name`) VALUES (49,'Hadden',' Felix');
INSERT INTO `Alderman_Information` (`Alderman_ID`,`Alderman_Last_Name`,`Alderman_First_Name`) VALUES (50,'Silverstein',' Debra L.');

# INSERT INTO POLICE_STATION_INFORMATION TABLE #

INSERT INTO `Police_Station_Information` (`District`,`District_Name`,`Address`,`City`,`State`,`Zipcode`,`Station_Website`,`Station_Phone_Number`,`PS_Lattitude`,`PS_Longitude`) VALUES (1,'Central','1718 S State St','Chicago','IL',60616,'http://home.chicagopolice.org/community/districts/1st-district-central/','312-745-4290','41.85837259','-87.62735617');
INSERT INTO `Police_Station_Information` (`District`,`District_Name`,`Address`,`City`,`State`,`Zipcode`,`Station_Website`,`Station_Phone_Number`,`PS_Lattitude`,`PS_Longitude`) VALUES (2,'Wentworth','5101 S Wentworth Ave','Chicago','IL',60609,'http://home.chicagopolice.org/community/districts/2nd-district-wentworth/','312-747-8366','41.80181109','-87.63056018');
INSERT INTO `Police_Station_Information` (`District`,`District_Name`,`Address`,`City`,`State`,`Zipcode`,`Station_Website`,`Station_Phone_Number`,`PS_Lattitude`,`PS_Longitude`) VALUES (3,'Grand Crossing','7040 S Cottage Grove Ave','Chicago','IL',60637,'http://home.chicagopolice.org/community/districts/3rd-district-grand-crossing/','312-747-8201','41.76643089','-87.60574786');
INSERT INTO `Police_Station_Information` (`District`,`District_Name`,`Address`,`City`,`State`,`Zipcode`,`Station_Website`,`Station_Phone_Number`,`PS_Lattitude`,`PS_Longitude`) VALUES (4,'South Chicago','2255 E 103rd St','Chicago','IL',60617,'http://home.chicagopolice.org/community/districts/4th-district-south-chicago/','312-747-7581','41.70793329','-87.56834912');
INSERT INTO `Police_Station_Information` (`District`,`District_Name`,`Address`,`City`,`State`,`Zipcode`,`Station_Website`,`Station_Phone_Number`,`PS_Lattitude`,`PS_Longitude`) VALUES (5,'Calumet','727 E 111th St','Chicago','IL',60628,'http://home.chicagopolice.org/community/districts/5th-district-calumet/','312-747-8210','41.69272336','-87.60450587');
INSERT INTO `Police_Station_Information` (`District`,`District_Name`,`Address`,`City`,`State`,`Zipcode`,`Station_Website`,`Station_Phone_Number`,`PS_Lattitude`,`PS_Longitude`) VALUES (6,'Gresham','7808 S Halsted St','Chicago','IL',60620,'http://home.chicagopolice.org/community/districts/6th-district-gresham/','312-745-3617','41.75213684','-87.64422891');
INSERT INTO `Police_Station_Information` (`District`,`District_Name`,`Address`,`City`,`State`,`Zipcode`,`Station_Website`,`Station_Phone_Number`,`PS_Lattitude`,`PS_Longitude`) VALUES (7,'Englewood','1438 W 63rd St','Chicago','IL',60636,'http://home.chicagopolice.org/community/districts/7th-district-englewood/','312-747-8223','41.77963154','-87.66088702');
INSERT INTO `Police_Station_Information` (`District`,`District_Name`,`Address`,`City`,`State`,`Zipcode`,`Station_Website`,`Station_Phone_Number`,`PS_Lattitude`,`PS_Longitude`) VALUES (8,'Chicago Lawn','3420 W 63rd St','Chicago','IL',60629,'http://home.chicagopolice.org/community/districts/8th-district-chicago-lawn/','312-747-8730','41.77898719','-87.70886382');
INSERT INTO `Police_Station_Information` (`District`,`District_Name`,`Address`,`City`,`State`,`Zipcode`,`Station_Website`,`Station_Phone_Number`,`PS_Lattitude`,`PS_Longitude`) VALUES (9,'Deering','3120 S Halsted St','Chicago','IL',60608,'http://home.chicagopolice.org/community/districts/9th-district-deering/','312-747-8227','41.83739443','-87.64640771');
INSERT INTO `Police_Station_Information` (`District`,`District_Name`,`Address`,`City`,`State`,`Zipcode`,`Station_Website`,`Station_Phone_Number`,`PS_Lattitude`,`PS_Longitude`) VALUES (10,'Ogden','3315 W Ogden Ave','Chicago','IL',60623,'http://home.chicagopolice.org/community/districts/10th-district-ogden/','312-747-7511','41.85668453','-87.70838196');
INSERT INTO `Police_Station_Information` (`District`,`District_Name`,`Address`,`City`,`State`,`Zipcode`,`Station_Website`,`Station_Phone_Number`,`PS_Lattitude`,`PS_Longitude`) VALUES (11,'Harrison','3151 W Harrison St','Chicago','IL',60612,'http://home.chicagopolice.org/community/districts/11th-district-harrison/','312-746-8386','41.87358229','-87.70548813');
INSERT INTO `Police_Station_Information` (`District`,`District_Name`,`Address`,`City`,`State`,`Zipcode`,`Station_Website`,`Station_Phone_Number`,`PS_Lattitude`,`PS_Longitude`) VALUES (12,'Near West','1412 S Blue Island Ave','Chicago','IL',60608,'http://home.chicagopolice.org/community/districts/12th-district-near-west/','312-746-8396','41.86297662','-87.65697251');
INSERT INTO `Police_Station_Information` (`District`,`District_Name`,`Address`,`City`,`State`,`Zipcode`,`Station_Website`,`Station_Phone_Number`,`PS_Lattitude`,`PS_Longitude`) VALUES (14,'Shakespeare','2150 N California Ave','Chicago','IL',60647,'http://home.chicagopolice.org/community/districts/14th-district-shakespeare/','312-744-8250','41.92110332','-87.69745182');
INSERT INTO `Police_Station_Information` (`District`,`District_Name`,`Address`,`City`,`State`,`Zipcode`,`Station_Website`,`Station_Phone_Number`,`PS_Lattitude`,`PS_Longitude`) VALUES (15,'Austin','5701 W Madison St','Chicago','IL',60644,'http://home.chicagopolice.org/community/districts/15th-district-austin/','312-743-1440','41.88008346','-87.76819989');
INSERT INTO `Police_Station_Information` (`District`,`District_Name`,`Address`,`City`,`State`,`Zipcode`,`Station_Website`,`Station_Phone_Number`,`PS_Lattitude`,`PS_Longitude`) VALUES (16,'Jefferson Park','5151 N Milwaukee Ave','Chicago','IL',60630,'http://home.chicagopolice.org/community/districts/16th-district-jefferson-park/','312-742-4480','41.97409445','-87.76614884');
INSERT INTO `Police_Station_Information` (`District`,`District_Name`,`Address`,`City`,`State`,`Zipcode`,`Station_Website`,`Station_Phone_Number`,`PS_Lattitude`,`PS_Longitude`) VALUES (17,'Albany Park','4650 N Pulaski Rd','Chicago','IL',60630,'http://home.chicagopolice.org/community/districts/17th-district-albany-park/','312-742-4410','41.96605342','-87.72811456');
INSERT INTO `Police_Station_Information` (`District`,`District_Name`,`Address`,`City`,`State`,`Zipcode`,`Station_Website`,`Station_Phone_Number`,`PS_Lattitude`,`PS_Longitude`) VALUES (18,'Near North','1160 N Larrabee St','Chicago','IL',60610,'http://home.chicagopolice.org/community/districts/18th-district-near-north/','312-742-5870','41.90324165','-87.64335214');
INSERT INTO `Police_Station_Information` (`District`,`District_Name`,`Address`,`City`,`State`,`Zipcode`,`Station_Website`,`Station_Phone_Number`,`PS_Lattitude`,`PS_Longitude`) VALUES (19,'Town Hall','850 W Addison St','Chicago','IL',60613,'http://home.chicagopolice.org/community/districts/19th-district-town-hall/','312-744-8320','41.94740046','-87.65151202');
INSERT INTO `Police_Station_Information` (`District`,`District_Name`,`Address`,`City`,`State`,`Zipcode`,`Station_Website`,`Station_Phone_Number`,`PS_Lattitude`,`PS_Longitude`) VALUES (20,'Lincoln','5400 N Lincoln Ave','Chicago','IL',60625,'http://home.chicagopolice.org/community/districts/20th-district-lincoln/','312-742-8714','41.97954951','-87.69284451');
INSERT INTO `Police_Station_Information` (`District`,`District_Name`,`Address`,`City`,`State`,`Zipcode`,`Station_Website`,`Station_Phone_Number`,`PS_Lattitude`,`PS_Longitude`) VALUES (22,'Morgan Park','1900 W Monterey Ave','Chicago','IL',60643,'http://home.chicagopolice.org/community/districts/22nd-district-morgan-park/','312-745-0710','41.69143478','-87.66852039');
INSERT INTO `Police_Station_Information` (`District`,`District_Name`,`Address`,`City`,`State`,`Zipcode`,`Station_Website`,`Station_Phone_Number`,`PS_Lattitude`,`PS_Longitude`) VALUES (24,'Rogers Park','6464 N Clark St','Chicago','IL',60626,'http://home.chicagopolice.org/community/districts/24th-district-rogers-park/','312-744-5907','41.99976348','-87.67132429');
INSERT INTO `Police_Station_Information` (`District`,`District_Name`,`Address`,`City`,`State`,`Zipcode`,`Station_Website`,`Station_Phone_Number`,`PS_Lattitude`,`PS_Longitude`) VALUES (25,'Grand Central','5555 W Grand Ave','Chicago','IL',60639,'http://home.chicagopolice.org/community/districts/25th-district-grand-central/','312-746-8605','41.91860889','-87.76557448');

# INSERT INTO COMMUNITY_AREA_DEMOGRAPHICS TABLE #

INSERT INTO `Community_Area_Demographics` (`Community_Area_ID`,`Community_Area_Name`,`Population_2010`,`Median_Age`,`Pct_White_Population`,`Pct_Black_Population`,`Pct_Asian_Population`,`Pct_Other_Race_Population`,`Unemployment_Rate`,`Pct_College_Educated`,`Pct_Owner_Occupied_Housing`) VALUES (1,'Rogers Park','54991','34',0.55,0.33,0.07,0.05,0.07,0.50,0.25);
INSERT INTO `Community_Area_Demographics` (`Community_Area_ID`,`Community_Area_Name`,`Population_2010`,`Median_Age`,`Pct_White_Population`,`Pct_Black_Population`,`Pct_Asian_Population`,`Pct_Other_Race_Population`,`Unemployment_Rate`,`Pct_College_Educated`,`Pct_Owner_Occupied_Housing`) VALUES (2,'West Ridge','71942','35',0.51,0.16,0.27,0.06,0.08,0.45,0.47);
INSERT INTO `Community_Area_Demographics` (`Community_Area_ID`,`Community_Area_Name`,`Population_2010`,`Median_Age`,`Pct_White_Population`,`Pct_Black_Population`,`Pct_Asian_Population`,`Pct_Other_Race_Population`,`Unemployment_Rate`,`Pct_College_Educated`,`Pct_Owner_Occupied_Housing`) VALUES (3,'Uptown','56362','37',0.64,0.21,0.12,0.04,0.05,0.60,0.31);
INSERT INTO `Community_Area_Demographics` (`Community_Area_ID`,`Community_Area_Name`,`Population_2010`,`Median_Age`,`Pct_White_Population`,`Pct_Black_Population`,`Pct_Asian_Population`,`Pct_Other_Race_Population`,`Unemployment_Rate`,`Pct_College_Educated`,`Pct_Owner_Occupied_Housing`) VALUES (4,'Lincoln Square','39493','35',0.79,0.04,0.11,0.05,0.04,0.67,0.40);
INSERT INTO `Community_Area_Demographics` (`Community_Area_ID`,`Community_Area_Name`,`Population_2010`,`Median_Age`,`Pct_White_Population`,`Pct_Black_Population`,`Pct_Asian_Population`,`Pct_Other_Race_Population`,`Unemployment_Rate`,`Pct_College_Educated`,`Pct_Owner_Occupied_Housing`) VALUES (5,'North Center','31867','35',0.88,0.02,0.06,0.05,0.03,0.76,0.57);
INSERT INTO `Community_Area_Demographics` (`Community_Area_ID`,`Community_Area_Name`,`Population_2010`,`Median_Age`,`Pct_White_Population`,`Pct_Black_Population`,`Pct_Asian_Population`,`Pct_Other_Race_Population`,`Unemployment_Rate`,`Pct_College_Educated`,`Pct_Owner_Occupied_Housing`) VALUES (6,'Lakeview','94368','31',0.85,0.04,0.07,0.03,0.03,0.84,0.38);
INSERT INTO `Community_Area_Demographics` (`Community_Area_ID`,`Community_Area_Name`,`Population_2010`,`Median_Age`,`Pct_White_Population`,`Pct_Black_Population`,`Pct_Asian_Population`,`Pct_Other_Race_Population`,`Unemployment_Rate`,`Pct_College_Educated`,`Pct_Owner_Occupied_Housing`) VALUES (7,'Lincoln Park','64116','30',0.84,0.05,0.08,0.03,0.03,0.86,0.44);
INSERT INTO `Community_Area_Demographics` (`Community_Area_ID`,`Community_Area_Name`,`Population_2010`,`Median_Age`,`Pct_White_Population`,`Pct_Black_Population`,`Pct_Asian_Population`,`Pct_Other_Race_Population`,`Unemployment_Rate`,`Pct_College_Educated`,`Pct_Owner_Occupied_Housing`) VALUES (8,'Near North Side','80484','35',0.75,0.09,0.13,0.03,0.03,0.84,0.43);
INSERT INTO `Community_Area_Demographics` (`Community_Area_ID`,`Community_Area_Name`,`Population_2010`,`Median_Age`,`Pct_White_Population`,`Pct_Black_Population`,`Pct_Asian_Population`,`Pct_Other_Race_Population`,`Unemployment_Rate`,`Pct_College_Educated`,`Pct_Owner_Occupied_Housing`) VALUES (9,'Edison Park','11187','41',0.92,0.02,0.03,0.03,0.02,0.56,0.78);
INSERT INTO `Community_Area_Demographics` (`Community_Area_ID`,`Community_Area_Name`,`Population_2010`,`Median_Age`,`Pct_White_Population`,`Pct_Black_Population`,`Pct_Asian_Population`,`Pct_Other_Race_Population`,`Unemployment_Rate`,`Pct_College_Educated`,`Pct_Owner_Occupied_Housing`) VALUES (10,'Norwood Park','37023','44',0.92,0.01,0.04,0.03,0.04,0.47,0.77);
INSERT INTO `Community_Area_Demographics` (`Community_Area_ID`,`Community_Area_Name`,`Population_2010`,`Median_Age`,`Pct_White_Population`,`Pct_Black_Population`,`Pct_Asian_Population`,`Pct_Other_Race_Population`,`Unemployment_Rate`,`Pct_College_Educated`,`Pct_Owner_Occupied_Housing`) VALUES (11,'Jefferson Park','25448','40',0.81,0.01,0.14,0.03,0.05,0.44,0.64);
INSERT INTO `Community_Area_Demographics` (`Community_Area_ID`,`Community_Area_Name`,`Population_2010`,`Median_Age`,`Pct_White_Population`,`Pct_Black_Population`,`Pct_Asian_Population`,`Pct_Other_Race_Population`,`Unemployment_Rate`,`Pct_College_Educated`,`Pct_Owner_Occupied_Housing`) VALUES (12,'Forest Glen','18508','43',0.82,0.01,0.14,0.03,0.04,0.61,0.89);
INSERT INTO `Community_Area_Demographics` (`Community_Area_ID`,`Community_Area_Name`,`Population_2010`,`Median_Age`,`Pct_White_Population`,`Pct_Black_Population`,`Pct_Asian_Population`,`Pct_Other_Race_Population`,`Unemployment_Rate`,`Pct_College_Educated`,`Pct_Owner_Occupied_Housing`) VALUES (13,'North Park','17931','39',0.63,0.04,0.29,0.04,0.07,0.52,0.50);
INSERT INTO `Community_Area_Demographics` (`Community_Area_ID`,`Community_Area_Name`,`Population_2010`,`Median_Age`,`Pct_White_Population`,`Pct_Black_Population`,`Pct_Asian_Population`,`Pct_Other_Race_Population`,`Unemployment_Rate`,`Pct_College_Educated`,`Pct_Owner_Occupied_Housing`) VALUES (14,'Albany Park','51542','34',0.59,0.09,0.26,0.06,0.06,0.41,0.41);
INSERT INTO `Community_Area_Demographics` (`Community_Area_ID`,`Community_Area_Name`,`Population_2010`,`Median_Age`,`Pct_White_Population`,`Pct_Black_Population`,`Pct_Asian_Population`,`Pct_Other_Race_Population`,`Unemployment_Rate`,`Pct_College_Educated`,`Pct_Owner_Occupied_Housing`) VALUES (15,'Portage Park','64124','38',0.84,0.02,0.09,0.04,0.06,0.38,0.59);
INSERT INTO `Community_Area_Demographics` (`Community_Area_ID`,`Community_Area_Name`,`Population_2010`,`Median_Age`,`Pct_White_Population`,`Pct_Black_Population`,`Pct_Asian_Population`,`Pct_Other_Race_Population`,`Unemployment_Rate`,`Pct_College_Educated`,`Pct_Owner_Occupied_Housing`) VALUES (16,'Irving Park','53359','36',0.74,0.05,0.14,0.06,0.04,0.47,0.49);
INSERT INTO `Community_Area_Demographics` (`Community_Area_ID`,`Community_Area_Name`,`Population_2010`,`Median_Age`,`Pct_White_Population`,`Pct_Black_Population`,`Pct_Asian_Population`,`Pct_Other_Race_Population`,`Unemployment_Rate`,`Pct_College_Educated`,`Pct_Owner_Occupied_Housing`) VALUES (17,'Dunning','41932','41',0.88,0.03,0.08,0.01,0.04,0.35,0.75);
INSERT INTO `Community_Area_Demographics` (`Community_Area_ID`,`Community_Area_Name`,`Population_2010`,`Median_Age`,`Pct_White_Population`,`Pct_Black_Population`,`Pct_Asian_Population`,`Pct_Other_Race_Population`,`Unemployment_Rate`,`Pct_College_Educated`,`Pct_Owner_Occupied_Housing`) VALUES (18,'Montclare','13426','37',0.77,0.08,0.09,0.06,0.06,0.27,0.64);
INSERT INTO `Community_Area_Demographics` (`Community_Area_ID`,`Community_Area_Name`,`Population_2010`,`Median_Age`,`Pct_White_Population`,`Pct_Black_Population`,`Pct_Asian_Population`,`Pct_Other_Race_Population`,`Unemployment_Rate`,`Pct_College_Educated`,`Pct_Owner_Occupied_Housing`) VALUES (19,'Belmont Cragin','78743','34',0.72,0.13,0.10,0.05,0.07,0.19,0.51);
INSERT INTO `Community_Area_Demographics` (`Community_Area_ID`,`Community_Area_Name`,`Population_2010`,`Median_Age`,`Pct_White_Population`,`Pct_Black_Population`,`Pct_Asian_Population`,`Pct_Other_Race_Population`,`Unemployment_Rate`,`Pct_College_Educated`,`Pct_Owner_Occupied_Housing`) VALUES (20,'Hermosa','25010','34',0.61,0.20,0.13,0.07,0.06,0.22,0.47);
INSERT INTO `Community_Area_Demographics` (`Community_Area_ID`,`Community_Area_Name`,`Population_2010`,`Median_Age`,`Pct_White_Population`,`Pct_Black_Population`,`Pct_Asian_Population`,`Pct_Other_Race_Population`,`Unemployment_Rate`,`Pct_College_Educated`,`Pct_Owner_Occupied_Housing`) VALUES (21,'Avondale','39262','33',0.81,0.05,0.09,0.06,0.05,0.41,0.40);
INSERT INTO `Community_Area_Demographics` (`Community_Area_ID`,`Community_Area_Name`,`Population_2010`,`Median_Age`,`Pct_White_Population`,`Pct_Black_Population`,`Pct_Asian_Population`,`Pct_Other_Race_Population`,`Unemployment_Rate`,`Pct_College_Educated`,`Pct_Owner_Occupied_Housing`) VALUES (22,'Logan Square','72791','32',0.82,0.08,0.06,0.04,0.04,0.59,0.38);
INSERT INTO `Community_Area_Demographics` (`Community_Area_ID`,`Community_Area_Name`,`Population_2010`,`Median_Age`,`Pct_White_Population`,`Pct_Black_Population`,`Pct_Asian_Population`,`Pct_Other_Race_Population`,`Unemployment_Rate`,`Pct_College_Educated`,`Pct_Owner_Occupied_Housing`) VALUES (23,'Humboldt Park','56323','31',0.17,0.77,0.02,0.04,0.12,0.23,0.36);
INSERT INTO `Community_Area_Demographics` (`Community_Area_ID`,`Community_Area_Name`,`Population_2010`,`Median_Age`,`Pct_White_Population`,`Pct_Black_Population`,`Pct_Asian_Population`,`Pct_Other_Race_Population`,`Unemployment_Rate`,`Pct_College_Educated`,`Pct_Owner_Occupied_Housing`) VALUES (24,'West Town','82236','32',0.81,0.09,0.06,0.04,0.04,0.73,0.40);
INSERT INTO `Community_Area_Demographics` (`Community_Area_ID`,`Community_Area_Name`,`Population_2010`,`Median_Age`,`Pct_White_Population`,`Pct_Black_Population`,`Pct_Asian_Population`,`Pct_Other_Race_Population`,`Unemployment_Rate`,`Pct_College_Educated`,`Pct_Owner_Occupied_Housing`) VALUES (25,'Austin','98514','36',0.06,0.92,0.01,0.01,0.14,0.21,0.41);
INSERT INTO `Community_Area_Demographics` (`Community_Area_ID`,`Community_Area_Name`,`Population_2010`,`Median_Age`,`Pct_White_Population`,`Pct_Black_Population`,`Pct_Asian_Population`,`Pct_Other_Race_Population`,`Unemployment_Rate`,`Pct_College_Educated`,`Pct_Owner_Occupied_Housing`) VALUES (26,'West Garfield Park','18001','31',0.02,0.96,0.00,0.01,0.18,0.12,0.25);
INSERT INTO `Community_Area_Demographics` (`Community_Area_ID`,`Community_Area_Name`,`Population_2010`,`Median_Age`,`Pct_White_Population`,`Pct_Black_Population`,`Pct_Asian_Population`,`Pct_Other_Race_Population`,`Unemployment_Rate`,`Pct_College_Educated`,`Pct_Owner_Occupied_Housing`) VALUES (27,'East Garfield Park','20567','30',0.06,0.91,0.01,0.02,0.18,0.23,0.22);
INSERT INTO `Community_Area_Demographics` (`Community_Area_ID`,`Community_Area_Name`,`Population_2010`,`Median_Age`,`Pct_White_Population`,`Pct_Black_Population`,`Pct_Asian_Population`,`Pct_Other_Race_Population`,`Unemployment_Rate`,`Pct_College_Educated`,`Pct_Owner_Occupied_Housing`) VALUES (28,'Near West Side','54881','31',0.46,0.31,0.21,0.03,0.08,0.71,0.35);
INSERT INTO `Community_Area_Demographics` (`Community_Area_ID`,`Community_Area_Name`,`Population_2010`,`Median_Age`,`Pct_White_Population`,`Pct_Black_Population`,`Pct_Asian_Population`,`Pct_Other_Race_Population`,`Unemployment_Rate`,`Pct_College_Educated`,`Pct_Owner_Occupied_Housing`) VALUES (29,'North Lawndale','35912','30',0.03,0.96,0.00,0.01,0.17,0.18,0.24);
INSERT INTO `Community_Area_Demographics` (`Community_Area_ID`,`Community_Area_Name`,`Population_2010`,`Median_Age`,`Pct_White_Population`,`Pct_Black_Population`,`Pct_Asian_Population`,`Pct_Other_Race_Population`,`Unemployment_Rate`,`Pct_College_Educated`,`Pct_Owner_Occupied_Housing`) VALUES (30,'South Lawndale','79288','30',0.24,0.72,0.01,0.02,0.10,0.12,0.36);
INSERT INTO `Community_Area_Demographics` (`Community_Area_ID`,`Community_Area_Name`,`Population_2010`,`Median_Age`,`Pct_White_Population`,`Pct_Black_Population`,`Pct_Asian_Population`,`Pct_Other_Race_Population`,`Unemployment_Rate`,`Pct_College_Educated`,`Pct_Owner_Occupied_Housing`) VALUES (31,'Lower West Side','35769','32',0.69,0.14,0.13,0.04,0.07,0.37,0.30);
INSERT INTO `Community_Area_Demographics` (`Community_Area_ID`,`Community_Area_Name`,`Population_2010`,`Median_Age`,`Pct_White_Population`,`Pct_Black_Population`,`Pct_Asian_Population`,`Pct_Other_Race_Population`,`Unemployment_Rate`,`Pct_College_Educated`,`Pct_Owner_Occupied_Housing`) VALUES (32,'Loop','29283','32',0.68,0.10,0.19,0.03,0.05,0.84,0.40);
INSERT INTO `Community_Area_Demographics` (`Community_Area_ID`,`Community_Area_Name`,`Population_2010`,`Median_Age`,`Pct_White_Population`,`Pct_Black_Population`,`Pct_Asian_Population`,`Pct_Other_Race_Population`,`Unemployment_Rate`,`Pct_College_Educated`,`Pct_Owner_Occupied_Housing`) VALUES (33,'Near South Side','21390','37',0.50,0.26,0.21,0.03,0.02,0.77,0.56);
INSERT INTO `Community_Area_Demographics` (`Community_Area_ID`,`Community_Area_Name`,`Population_2010`,`Median_Age`,`Pct_White_Population`,`Pct_Black_Population`,`Pct_Asian_Population`,`Pct_Other_Race_Population`,`Unemployment_Rate`,`Pct_College_Educated`,`Pct_Owner_Occupied_Housing`) VALUES (34,'Armour Square','13391','46',0.13,0.11,0.76,0.01,0.11,0.26,0.38);
INSERT INTO `Community_Area_Demographics` (`Community_Area_ID`,`Community_Area_Name`,`Population_2010`,`Median_Age`,`Pct_White_Population`,`Pct_Black_Population`,`Pct_Asian_Population`,`Pct_Other_Race_Population`,`Unemployment_Rate`,`Pct_College_Educated`,`Pct_Owner_Occupied_Housing`) VALUES (35,'Douglas','18238','32',0.12,0.71,0.15,0.03,0.14,0.50,0.18);
INSERT INTO `Community_Area_Demographics` (`Community_Area_ID`,`Community_Area_Name`,`Population_2010`,`Median_Age`,`Pct_White_Population`,`Pct_Black_Population`,`Pct_Asian_Population`,`Pct_Other_Race_Population`,`Unemployment_Rate`,`Pct_College_Educated`,`Pct_Owner_Occupied_Housing`) VALUES (36,'Oakland','5918','33',0.02,0.96,0.01,0.01,0.19,0.37,0.19);
INSERT INTO `Community_Area_Demographics` (`Community_Area_ID`,`Community_Area_Name`,`Population_2010`,`Median_Age`,`Pct_White_Population`,`Pct_Black_Population`,`Pct_Asian_Population`,`Pct_Other_Race_Population`,`Unemployment_Rate`,`Pct_College_Educated`,`Pct_Owner_Occupied_Housing`) VALUES (37,'Fuller Park','2876','51',0.04,0.95,0.01,0.00,0.29,0.19,0.28);
INSERT INTO `Community_Area_Demographics` (`Community_Area_ID`,`Community_Area_Name`,`Population_2010`,`Median_Age`,`Pct_White_Population`,`Pct_Black_Population`,`Pct_Asian_Population`,`Pct_Other_Race_Population`,`Unemployment_Rate`,`Pct_College_Educated`,`Pct_Owner_Occupied_Housing`) VALUES (38,'Grand Boulevard','21929','37',0.03,0.94,0.01,0.02,0.15,0.40,0.24);
INSERT INTO `Community_Area_Demographics` (`Community_Area_ID`,`Community_Area_Name`,`Population_2010`,`Median_Age`,`Pct_White_Population`,`Pct_Black_Population`,`Pct_Asian_Population`,`Pct_Other_Race_Population`,`Unemployment_Rate`,`Pct_College_Educated`,`Pct_Owner_Occupied_Housing`) VALUES (39,'Kenwood','17841','38',0.19,0.69,0.08,0.04,0.09,0.64,0.34);
INSERT INTO `Community_Area_Demographics` (`Community_Area_ID`,`Community_Area_Name`,`Population_2010`,`Median_Age`,`Pct_White_Population`,`Pct_Black_Population`,`Pct_Asian_Population`,`Pct_Other_Race_Population`,`Unemployment_Rate`,`Pct_College_Educated`,`Pct_Owner_Occupied_Housing`) VALUES (40,'Washington Park','11717','30',0.01,0.94,0.00,0.05,0.20,0.23,0.14);
INSERT INTO `Community_Area_Demographics` (`Community_Area_ID`,`Community_Area_Name`,`Population_2010`,`Median_Age`,`Pct_White_Population`,`Pct_Black_Population`,`Pct_Asian_Population`,`Pct_Other_Race_Population`,`Unemployment_Rate`,`Pct_College_Educated`,`Pct_Owner_Occupied_Housing`) VALUES (41,'Hyde Park','25681','31',0.52,0.29,0.13,0.05,0.06,0.79,0.36);
INSERT INTO `Community_Area_Demographics` (`Community_Area_ID`,`Community_Area_Name`,`Population_2010`,`Median_Age`,`Pct_White_Population`,`Pct_Black_Population`,`Pct_Asian_Population`,`Pct_Other_Race_Population`,`Unemployment_Rate`,`Pct_College_Educated`,`Pct_Owner_Occupied_Housing`) VALUES (42,'Woodlawn','23740','31',0.08,0.86,0.04,0.02,0.18,0.35,0.22);
INSERT INTO `Community_Area_Demographics` (`Community_Area_ID`,`Community_Area_Name`,`Population_2010`,`Median_Age`,`Pct_White_Population`,`Pct_Black_Population`,`Pct_Asian_Population`,`Pct_Other_Race_Population`,`Unemployment_Rate`,`Pct_College_Educated`,`Pct_Owner_Occupied_Housing`) VALUES (43,'South Shore','52010','37',0.03,0.95,0.00,0.01,0.17,0.33,0.22);
INSERT INTO `Community_Area_Demographics` (`Community_Area_ID`,`Community_Area_Name`,`Population_2010`,`Median_Age`,`Pct_White_Population`,`Pct_Black_Population`,`Pct_Asian_Population`,`Pct_Other_Race_Population`,`Unemployment_Rate`,`Pct_College_Educated`,`Pct_Owner_Occupied_Housing`) VALUES (44,'Chatham','31028','42',0.02,0.97,0.01,0.01,0.16,0.29,0.37);
INSERT INTO `Community_Area_Demographics` (`Community_Area_ID`,`Community_Area_Name`,`Population_2010`,`Median_Age`,`Pct_White_Population`,`Pct_Black_Population`,`Pct_Asian_Population`,`Pct_Other_Race_Population`,`Unemployment_Rate`,`Pct_College_Educated`,`Pct_Owner_Occupied_Housing`) VALUES (45,'Avalon Park','10185','45',0.01,0.97,0.01,0.02,0.16,0.33,0.66);
INSERT INTO `Community_Area_Demographics` (`Community_Area_ID`,`Community_Area_Name`,`Population_2010`,`Median_Age`,`Pct_White_Population`,`Pct_Black_Population`,`Pct_Asian_Population`,`Pct_Other_Race_Population`,`Unemployment_Rate`,`Pct_College_Educated`,`Pct_Owner_Occupied_Housing`) VALUES (46,'South Chicago','31198','35',0.03,0.96,0.00,0.01,0.19,0.23,0.39);
INSERT INTO `Community_Area_Demographics` (`Community_Area_ID`,`Community_Area_Name`,`Population_2010`,`Median_Age`,`Pct_White_Population`,`Pct_Black_Population`,`Pct_Asian_Population`,`Pct_Other_Race_Population`,`Unemployment_Rate`,`Pct_College_Educated`,`Pct_Owner_Occupied_Housing`) VALUES (47,'Burnside','2916','45',0.00,0.99,0.00,0.01,0.22,0.20,0.47);
INSERT INTO `Community_Area_Demographics` (`Community_Area_ID`,`Community_Area_Name`,`Population_2010`,`Median_Age`,`Pct_White_Population`,`Pct_Black_Population`,`Pct_Asian_Population`,`Pct_Other_Race_Population`,`Unemployment_Rate`,`Pct_College_Educated`,`Pct_Owner_Occupied_Housing`) VALUES (48,'Calumet Heights','13812','48',0.01,0.98,0.00,0.01,0.10,0.34,0.73);
INSERT INTO `Community_Area_Demographics` (`Community_Area_ID`,`Community_Area_Name`,`Population_2010`,`Median_Age`,`Pct_White_Population`,`Pct_Black_Population`,`Pct_Asian_Population`,`Pct_Other_Race_Population`,`Unemployment_Rate`,`Pct_College_Educated`,`Pct_Owner_Occupied_Housing`) VALUES (49,'Roseland','44619','39',0.01,0.97,0.00,0.01,0.22,0.29,0.54);
INSERT INTO `Community_Area_Demographics` (`Community_Area_ID`,`Community_Area_Name`,`Population_2010`,`Median_Age`,`Pct_White_Population`,`Pct_Black_Population`,`Pct_Asian_Population`,`Pct_Other_Race_Population`,`Unemployment_Rate`,`Pct_College_Educated`,`Pct_Owner_Occupied_Housing`) VALUES (50,'Pullman','7325','42',0.10,0.87,0.00,0.02,0.17,0.33,0.47);
INSERT INTO `Community_Area_Demographics` (`Community_Area_ID`,`Community_Area_Name`,`Population_2010`,`Median_Age`,`Pct_White_Population`,`Pct_Black_Population`,`Pct_Asian_Population`,`Pct_Other_Race_Population`,`Unemployment_Rate`,`Pct_College_Educated`,`Pct_Owner_Occupied_Housing`) VALUES (51,'South Deering','15109','37',0.07,0.93,0.00,0.01,0.23,0.21,0.56);
INSERT INTO `Community_Area_Demographics` (`Community_Area_ID`,`Community_Area_Name`,`Population_2010`,`Median_Age`,`Pct_White_Population`,`Pct_Black_Population`,`Pct_Asian_Population`,`Pct_Other_Race_Population`,`Unemployment_Rate`,`Pct_College_Educated`,`Pct_Owner_Occupied_Housing`) VALUES (52,'East Side','23042','32',0.80,0.18,0.01,0.01,0.15,0.17,0.67);
INSERT INTO `Community_Area_Demographics` (`Community_Area_ID`,`Community_Area_Name`,`Population_2010`,`Median_Age`,`Pct_White_Population`,`Pct_Black_Population`,`Pct_Asian_Population`,`Pct_Other_Race_Population`,`Unemployment_Rate`,`Pct_College_Educated`,`Pct_Owner_Occupied_Housing`) VALUES (53,'West Pullman','29651','37',0.01,0.98,0.00,0.01,0.23,0.23,0.64);
INSERT INTO `Community_Area_Demographics` (`Community_Area_ID`,`Community_Area_Name`,`Population_2010`,`Median_Age`,`Pct_White_Population`,`Pct_Black_Population`,`Pct_Asian_Population`,`Pct_Other_Race_Population`,`Unemployment_Rate`,`Pct_College_Educated`,`Pct_Owner_Occupied_Housing`) VALUES (54,'Riverdale','6482','23',0.02,0.98,0.00,0.00,0.33,0.11,0.08);
INSERT INTO `Community_Area_Demographics` (`Community_Area_ID`,`Community_Area_Name`,`Population_2010`,`Median_Age`,`Pct_White_Population`,`Pct_Black_Population`,`Pct_Asian_Population`,`Pct_Other_Race_Population`,`Unemployment_Rate`,`Pct_College_Educated`,`Pct_Owner_Occupied_Housing`) VALUES (55,'Hegewisch','9426','41',0.88,0.11,0.00,0.01,0.08,0.25,0.74);
INSERT INTO `Community_Area_Demographics` (`Community_Area_ID`,`Community_Area_Name`,`Population_2010`,`Median_Age`,`Pct_White_Population`,`Pct_Black_Population`,`Pct_Asian_Population`,`Pct_Other_Race_Population`,`Unemployment_Rate`,`Pct_College_Educated`,`Pct_Owner_Occupied_Housing`) VALUES (56,'Garfield Ridge','34513','39',0.87,0.09,0.02,0.02,0.08,0.29,0.83);
INSERT INTO `Community_Area_Demographics` (`Community_Area_ID`,`Community_Area_Name`,`Population_2010`,`Median_Age`,`Pct_White_Population`,`Pct_Black_Population`,`Pct_Asian_Population`,`Pct_Other_Race_Population`,`Unemployment_Rate`,`Pct_College_Educated`,`Pct_Owner_Occupied_Housing`) VALUES (57,'Archer Heights','13393','33',0.72,0.04,0.22,0.01,0.08,0.18,0.57);
INSERT INTO `Community_Area_Demographics` (`Community_Area_ID`,`Community_Area_Name`,`Population_2010`,`Median_Age`,`Pct_White_Population`,`Pct_Black_Population`,`Pct_Asian_Population`,`Pct_Other_Race_Population`,`Unemployment_Rate`,`Pct_College_Educated`,`Pct_Owner_Occupied_Housing`) VALUES (58,'Brighton Park','45368','31',0.40,0.07,0.48,0.05,0.10,0.14,0.49);
INSERT INTO `Community_Area_Demographics` (`Community_Area_ID`,`Community_Area_Name`,`Population_2010`,`Median_Age`,`Pct_White_Population`,`Pct_Black_Population`,`Pct_Asian_Population`,`Pct_Other_Race_Population`,`Unemployment_Rate`,`Pct_College_Educated`,`Pct_Owner_Occupied_Housing`) VALUES (59,'McKinley Park','15612','35',0.39,0.02,0.57,0.02,0.10,0.28,0.58);
INSERT INTO `Community_Area_Demographics` (`Community_Area_ID`,`Community_Area_Name`,`Population_2010`,`Median_Age`,`Pct_White_Population`,`Pct_Black_Population`,`Pct_Asian_Population`,`Pct_Other_Race_Population`,`Unemployment_Rate`,`Pct_College_Educated`,`Pct_Owner_Occupied_Housing`) VALUES (60,'Bridgeport','31977','37',0.44,0.03,0.51,0.02,0.08,0.37,0.46);
INSERT INTO `Community_Area_Demographics` (`Community_Area_ID`,`Community_Area_Name`,`Population_2010`,`Median_Age`,`Pct_White_Population`,`Pct_Black_Population`,`Pct_Asian_Population`,`Pct_Other_Race_Population`,`Unemployment_Rate`,`Pct_College_Educated`,`Pct_Owner_Occupied_Housing`) VALUES (61,'New City','44377','31',0.30,0.62,0.05,0.02,0.17,0.12,0.35);
INSERT INTO `Community_Area_Demographics` (`Community_Area_ID`,`Community_Area_Name`,`Population_2010`,`Median_Age`,`Pct_White_Population`,`Pct_Black_Population`,`Pct_Asian_Population`,`Pct_Other_Race_Population`,`Unemployment_Rate`,`Pct_College_Educated`,`Pct_Owner_Occupied_Housing`) VALUES (62,'West Elsdon','18109','32',0.80,0.08,0.12,0.01,0.11,0.19,0.74);
INSERT INTO `Community_Area_Demographics` (`Community_Area_ID`,`Community_Area_Name`,`Population_2010`,`Median_Age`,`Pct_White_Population`,`Pct_Black_Population`,`Pct_Asian_Population`,`Pct_Other_Race_Population`,`Unemployment_Rate`,`Pct_College_Educated`,`Pct_Owner_Occupied_Housing`) VALUES (63,'Gage Park','39894','29',0.47,0.47,0.06,0.01,0.13,0.11,0.55);
INSERT INTO `Community_Area_Demographics` (`Community_Area_ID`,`Community_Area_Name`,`Population_2010`,`Median_Age`,`Pct_White_Population`,`Pct_Black_Population`,`Pct_Asian_Population`,`Pct_Other_Race_Population`,`Unemployment_Rate`,`Pct_College_Educated`,`Pct_Owner_Occupied_Housing`) VALUES (64,'Clearing','23139','36',0.92,0.04,0.01,0.03,0.09,0.25,0.68);
INSERT INTO `Community_Area_Demographics` (`Community_Area_ID`,`Community_Area_Name`,`Population_2010`,`Median_Age`,`Pct_White_Population`,`Pct_Black_Population`,`Pct_Asian_Population`,`Pct_Other_Race_Population`,`Unemployment_Rate`,`Pct_College_Educated`,`Pct_Owner_Occupied_Housing`) VALUES (65,'West Lawn','33355','32',0.79,0.15,0.04,0.02,0.13,0.16,0.71);
INSERT INTO `Community_Area_Demographics` (`Community_Area_ID`,`Community_Area_Name`,`Population_2010`,`Median_Age`,`Pct_White_Population`,`Pct_Black_Population`,`Pct_Asian_Population`,`Pct_Other_Race_Population`,`Unemployment_Rate`,`Pct_College_Educated`,`Pct_Owner_Occupied_Housing`) VALUES (66,'Chicago Lawn','55628','32',0.07,0.89,0.01,0.03,0.22,0.14,0.43);
INSERT INTO `Community_Area_Demographics` (`Community_Area_ID`,`Community_Area_Name`,`Population_2010`,`Median_Age`,`Pct_White_Population`,`Pct_Black_Population`,`Pct_Asian_Population`,`Pct_Other_Race_Population`,`Unemployment_Rate`,`Pct_College_Educated`,`Pct_Owner_Occupied_Housing`) VALUES (67,'West Englewood','35505','40',0.01,0.97,0.00,0.02,0.30,0.15,0.48);
INSERT INTO `Community_Area_Demographics` (`Community_Area_ID`,`Community_Area_Name`,`Population_2010`,`Median_Age`,`Pct_White_Population`,`Pct_Black_Population`,`Pct_Asian_Population`,`Pct_Other_Race_Population`,`Unemployment_Rate`,`Pct_College_Educated`,`Pct_Owner_Occupied_Housing`) VALUES (68,'Englewood','30654','34',0.01,0.98,0.00,0.01,0.27,0.14,0.25);
INSERT INTO `Community_Area_Demographics` (`Community_Area_ID`,`Community_Area_Name`,`Population_2010`,`Median_Age`,`Pct_White_Population`,`Pct_Black_Population`,`Pct_Asian_Population`,`Pct_Other_Race_Population`,`Unemployment_Rate`,`Pct_College_Educated`,`Pct_Owner_Occupied_Housing`) VALUES (69,'Greater Grand Crossing','32602','35',0.01,0.97,0.00,0.02,0.21,0.25,0.31);
INSERT INTO `Community_Area_Demographics` (`Community_Area_ID`,`Community_Area_Name`,`Population_2010`,`Median_Age`,`Pct_White_Population`,`Pct_Black_Population`,`Pct_Asian_Population`,`Pct_Other_Race_Population`,`Unemployment_Rate`,`Pct_College_Educated`,`Pct_Owner_Occupied_Housing`) VALUES (70,'Ashburn','41081','36',0.17,0.78,0.01,0.04,0.12,0.30,0.83);
INSERT INTO `Community_Area_Demographics` (`Community_Area_ID`,`Community_Area_Name`,`Population_2010`,`Median_Age`,`Pct_White_Population`,`Pct_Black_Population`,`Pct_Asian_Population`,`Pct_Other_Race_Population`,`Unemployment_Rate`,`Pct_College_Educated`,`Pct_Owner_Occupied_Housing`) VALUES (71,'Auburn Gresham','48743','41',0.01,0.98,0.00,0.01,0.19,0.22,0.45);
INSERT INTO `Community_Area_Demographics` (`Community_Area_ID`,`Community_Area_Name`,`Population_2010`,`Median_Age`,`Pct_White_Population`,`Pct_Black_Population`,`Pct_Asian_Population`,`Pct_Other_Race_Population`,`Unemployment_Rate`,`Pct_College_Educated`,`Pct_Owner_Occupied_Housing`) VALUES (72,'Beverly','20034','43',0.60,0.37,0.01,0.02,0.04,0.65,0.83);
INSERT INTO `Community_Area_Demographics` (`Community_Area_ID`,`Community_Area_Name`,`Population_2010`,`Median_Age`,`Pct_White_Population`,`Pct_Black_Population`,`Pct_Asian_Population`,`Pct_Other_Race_Population`,`Unemployment_Rate`,`Pct_College_Educated`,`Pct_Owner_Occupied_Housing`) VALUES (73,'Washington Heights','26493','42',0.01,0.98,0.00,0.01,0.18,0.31,0.68);
INSERT INTO `Community_Area_Demographics` (`Community_Area_ID`,`Community_Area_Name`,`Population_2010`,`Median_Age`,`Pct_White_Population`,`Pct_Black_Population`,`Pct_Asian_Population`,`Pct_Other_Race_Population`,`Unemployment_Rate`,`Pct_College_Educated`,`Pct_Owner_Occupied_Housing`) VALUES (74,'Mount Greenwood','19093','38',0.93,0.04,0.02,0.01,0.04,0.46,0.86);
INSERT INTO `Community_Area_Demographics` (`Community_Area_ID`,`Community_Area_Name`,`Population_2010`,`Median_Age`,`Pct_White_Population`,`Pct_Black_Population`,`Pct_Asian_Population`,`Pct_Other_Race_Population`,`Unemployment_Rate`,`Pct_College_Educated`,`Pct_Owner_Occupied_Housing`) VALUES (75,'Morgan Park','22544','43',0.28,0.69,0.00,0.03,0.12,0.46,0.70);
INSERT INTO `Community_Area_Demographics` (`Community_Area_ID`,`Community_Area_Name`,`Population_2010`,`Median_Age`,`Pct_White_Population`,`Pct_Black_Population`,`Pct_Asian_Population`,`Pct_Other_Race_Population`,`Unemployment_Rate`,`Pct_College_Educated`,`Pct_Owner_Occupied_Housing`) VALUES (76,'O\'Hare','12756','38',0.82,0.02,0.12,0.04,0.07,0.45,0.39);
INSERT INTO `Community_Area_Demographics` (`Community_Area_ID`,`Community_Area_Name`,`Population_2010`,`Median_Age`,`Pct_White_Population`,`Pct_Black_Population`,`Pct_Asian_Population`,`Pct_Other_Race_Population`,`Unemployment_Rate`,`Pct_College_Educated`,`Pct_Owner_Occupied_Housing`) VALUES (77,'Edgewater','56521','38',0.65,0.16,0.15,0.04,0.06,0.61,0.36);

# INSERT INTO FBI_CODE_CATEGORIES TABLE #

INSERT INTO `FBI_Code_Categories` (`FBI_Code`,`Code_Description`) VALUES (1,'Homicide 1st & 2nd Degree');
INSERT INTO `FBI_Code_Categories` (`FBI_Code`,`Code_Description`) VALUES (2,'Criminal Sexual Assualt');
INSERT INTO `FBI_Code_Categories` (`FBI_Code`,`Code_Description`) VALUES (3,'Robbery');
INSERT INTO `FBI_Code_Categories` (`FBI_Code`,`Code_Description`) VALUES (4,'Aggravated Assualt');
INSERT INTO `FBI_Code_Categories` (`FBI_Code`,`Code_Description`) VALUES (5,'Burglary');
INSERT INTO `FBI_Code_Categories` (`FBI_Code`,`Code_Description`) VALUES (6,'Larceny');
INSERT INTO `FBI_Code_Categories` (`FBI_Code`,`Code_Description`) VALUES (7,'Motor Vehicle Theft');
INSERT INTO `FBI_Code_Categories` (`FBI_Code`,`Code_Description`) VALUES (8,'Simple Assualt');
INSERT INTO `FBI_Code_Categories` (`FBI_Code`,`Code_Description`) VALUES (9,'Arson');
INSERT INTO `FBI_Code_Categories` (`FBI_Code`,`Code_Description`) VALUES (10,'Forgery and Counterfeiting');
INSERT INTO `FBI_Code_Categories` (`FBI_Code`,`Code_Description`) VALUES (11,'Fraud');
INSERT INTO `FBI_Code_Categories` (`FBI_Code`,`Code_Description`) VALUES (12,'Embezzlement');
INSERT INTO `FBI_Code_Categories` (`FBI_Code`,`Code_Description`) VALUES (13,'Stolen Property');
INSERT INTO `FBI_Code_Categories` (`FBI_Code`,`Code_Description`) VALUES (14,'Vandalism');
INSERT INTO `FBI_Code_Categories` (`FBI_Code`,`Code_Description`) VALUES (15,'Weapons Violation');
INSERT INTO `FBI_Code_Categories` (`FBI_Code`,`Code_Description`) VALUES (16,'Prostitution');
INSERT INTO `FBI_Code_Categories` (`FBI_Code`,`Code_Description`) VALUES (17,'Criminal Sexual Abuse');
INSERT INTO `FBI_Code_Categories` (`FBI_Code`,`Code_Description`) VALUES (18,'Drug Abuse');
INSERT INTO `FBI_Code_Categories` (`FBI_Code`,`Code_Description`) VALUES (19,'Gabling');
INSERT INTO `FBI_Code_Categories` (`FBI_Code`,`Code_Description`) VALUES (20,'Offenses Against Family');
INSERT INTO `FBI_Code_Categories` (`FBI_Code`,`Code_Description`) VALUES (22,'Liquor License');
INSERT INTO `FBI_Code_Categories` (`FBI_Code`,`Code_Description`) VALUES (24,'Disorderly Conduct');
INSERT INTO `FBI_Code_Categories` (`FBI_Code`,`Code_Description`) VALUES (26,'Misc Non-Index Offense');

# INSERT INTO IUCR_CODE_DESCRIPTIONS TABLE #

INSERT INTO `IUCR_Code_Descriptions` (`IUCR_Code`,`Primary_Description`,`Secondary_Description`) VALUES (110,'HOMICIDE','FIRST DEGREE MURDER');
INSERT INTO `IUCR_Code_Descriptions` (`IUCR_Code`,`Primary_Description`,`Secondary_Description`) VALUES (130,'HOMICIDE','SECOND DEGREE MURDER');
INSERT INTO `IUCR_Code_Descriptions` (`IUCR_Code`,`Primary_Description`,`Secondary_Description`) VALUES (141,'HOMICIDE','INVOLUNTARY MANSLAUGHTER');
INSERT INTO `IUCR_Code_Descriptions` (`IUCR_Code`,`Primary_Description`,`Secondary_Description`) VALUES (142,'HOMICIDE','RECKLESS HOMICIDE');
INSERT INTO `IUCR_Code_Descriptions` (`IUCR_Code`,`Primary_Description`,`Secondary_Description`) VALUES (261,'CRIM SEXUAL ASSAULT','AGGRAVATED: HANDGUN');
INSERT INTO `IUCR_Code_Descriptions` (`IUCR_Code`,`Primary_Description`,`Secondary_Description`) VALUES (262,'CRIM SEXUAL ASSAULT','AGGRAVATED: OTHER FIREARM');
INSERT INTO `IUCR_Code_Descriptions` (`IUCR_Code`,`Primary_Description`,`Secondary_Description`) VALUES (263,'CRIM SEXUAL ASSAULT','AGGRAVATED: KNIFE/CUT INSTR');
INSERT INTO `IUCR_Code_Descriptions` (`IUCR_Code`,`Primary_Description`,`Secondary_Description`) VALUES (264,'CRIM SEXUAL ASSAULT','AGGRAVATED: OTHER DANG WEAPON');
INSERT INTO `IUCR_Code_Descriptions` (`IUCR_Code`,`Primary_Description`,`Secondary_Description`) VALUES (265,'CRIM SEXUAL ASSAULT','AGGRAVATED: OTHER');
INSERT INTO `IUCR_Code_Descriptions` (`IUCR_Code`,`Primary_Description`,`Secondary_Description`) VALUES (266,'CRIM SEXUAL ASSAULT','PREDATORY');
INSERT INTO `IUCR_Code_Descriptions` (`IUCR_Code`,`Primary_Description`,`Secondary_Description`) VALUES (271,'CRIM SEXUAL ASSAULT','ATTEMPT AGG: HANDGUN');
INSERT INTO `IUCR_Code_Descriptions` (`IUCR_Code`,`Primary_Description`,`Secondary_Description`) VALUES (272,'CRIM SEXUAL ASSAULT','ATTEMPT AGG: OTHER FIREARM');
INSERT INTO `IUCR_Code_Descriptions` (`IUCR_Code`,`Primary_Description`,`Secondary_Description`) VALUES (273,'CRIM SEXUAL ASSAULT','ATTEMPT AGG: KNIFE/CUT INSTR');
INSERT INTO `IUCR_Code_Descriptions` (`IUCR_Code`,`Primary_Description`,`Secondary_Description`) VALUES (274,'CRIM SEXUAL ASSAULT','ATTEMPT AGG: OTHER DANG WEAPON');
INSERT INTO `IUCR_Code_Descriptions` (`IUCR_Code`,`Primary_Description`,`Secondary_Description`) VALUES (275,'CRIM SEXUAL ASSAULT','ATTEMPT AGG: OTHER');
INSERT INTO `IUCR_Code_Descriptions` (`IUCR_Code`,`Primary_Description`,`Secondary_Description`) VALUES (281,'CRIM SEXUAL ASSAULT','NON-AGGRAVATED');
INSERT INTO `IUCR_Code_Descriptions` (`IUCR_Code`,`Primary_Description`,`Secondary_Description`) VALUES (291,'CRIM SEXUAL ASSAULT','ATTEMPT NON-AGGRAVATED');
INSERT INTO `IUCR_Code_Descriptions` (`IUCR_Code`,`Primary_Description`,`Secondary_Description`) VALUES (312,'ROBBERY','ARMED:KNIFE/CUTTING INSTRUMENT');
INSERT INTO `IUCR_Code_Descriptions` (`IUCR_Code`,`Primary_Description`,`Secondary_Description`) VALUES (313,'ROBBERY','ARMED: OTHER DANGEROUS WEAPON');
INSERT INTO `IUCR_Code_Descriptions` (`IUCR_Code`,`Primary_Description`,`Secondary_Description`) VALUES (320,'ROBBERY','STRONGARM - NO WEAPON');
INSERT INTO `IUCR_Code_Descriptions` (`IUCR_Code`,`Primary_Description`,`Secondary_Description`) VALUES (325,'ROBBERY','VEHICULAR HIJACKING');
INSERT INTO `IUCR_Code_Descriptions` (`IUCR_Code`,`Primary_Description`,`Secondary_Description`) VALUES (326,'ROBBERY','AGGRAVATED VEHICULAR HIJACKING');
INSERT INTO `IUCR_Code_Descriptions` (`IUCR_Code`,`Primary_Description`,`Secondary_Description`) VALUES (330,'ROBBERY','AGGRAVATED');
INSERT INTO `IUCR_Code_Descriptions` (`IUCR_Code`,`Primary_Description`,`Secondary_Description`) VALUES (331,'ROBBERY','ATTEMPT: AGGRAVATED');
INSERT INTO `IUCR_Code_Descriptions` (`IUCR_Code`,`Primary_Description`,`Secondary_Description`) VALUES (334,'ROBBERY','ATTEMPT: ARMED-KNIFE/CUT INSTR');
INSERT INTO `IUCR_Code_Descriptions` (`IUCR_Code`,`Primary_Description`,`Secondary_Description`) VALUES (337,'ROBBERY','ATTEMPT: ARMED-OTHER DANG WEAP');
INSERT INTO `IUCR_Code_Descriptions` (`IUCR_Code`,`Primary_Description`,`Secondary_Description`) VALUES (340,'ROBBERY','ATTEMPT: STRONGARM-NO WEAPON');
INSERT INTO `IUCR_Code_Descriptions` (`IUCR_Code`,`Primary_Description`,`Secondary_Description`) VALUES (420,'BATTERY','AGGRAVATED:KNIFE/CUTTING INSTR');
INSERT INTO `IUCR_Code_Descriptions` (`IUCR_Code`,`Primary_Description`,`Secondary_Description`) VALUES (430,'BATTERY','AGGRAVATED: OTHER DANG WEAPON');
INSERT INTO `IUCR_Code_Descriptions` (`IUCR_Code`,`Primary_Description`,`Secondary_Description`) VALUES (440,'BATTERY','AGG: HANDS/FIST/FEET NO/MINOR INJURY');
INSERT INTO `IUCR_Code_Descriptions` (`IUCR_Code`,`Primary_Description`,`Secondary_Description`) VALUES (450,'BATTERY','AGGRAVATED PO: HANDGUN');
INSERT INTO `IUCR_Code_Descriptions` (`IUCR_Code`,`Primary_Description`,`Secondary_Description`) VALUES (451,'BATTERY','AGGRAVATED PO: OTHER FIREARM');
INSERT INTO `IUCR_Code_Descriptions` (`IUCR_Code`,`Primary_Description`,`Secondary_Description`) VALUES (452,'BATTERY','AGGRAVATED PO: KNIFE/CUT INSTR');
INSERT INTO `IUCR_Code_Descriptions` (`IUCR_Code`,`Primary_Description`,`Secondary_Description`) VALUES (453,'BATTERY','AGGRAVATED PO: OTHER DANG WEAP');
INSERT INTO `IUCR_Code_Descriptions` (`IUCR_Code`,`Primary_Description`,`Secondary_Description`) VALUES (454,'BATTERY','AGG PO HANDS NO/MIN INJURY');
INSERT INTO `IUCR_Code_Descriptions` (`IUCR_Code`,`Primary_Description`,`Secondary_Description`) VALUES (460,'BATTERY','SIMPLE');
INSERT INTO `IUCR_Code_Descriptions` (`IUCR_Code`,`Primary_Description`,`Secondary_Description`) VALUES (461,'BATTERY','AGG PO HANDS ETC SERIOUS INJ');
INSERT INTO `IUCR_Code_Descriptions` (`IUCR_Code`,`Primary_Description`,`Secondary_Description`) VALUES (462,'BATTERY','AGG PRO EMP HANDS SERIOUS INJ');
INSERT INTO `IUCR_Code_Descriptions` (`IUCR_Code`,`Primary_Description`,`Secondary_Description`) VALUES (470,'PUBLIC PEACE VIOLATION','RECKLESS CONDUCT');
INSERT INTO `IUCR_Code_Descriptions` (`IUCR_Code`,`Primary_Description`,`Secondary_Description`) VALUES (475,'BATTERY','OF UNBORN CHILD');
INSERT INTO `IUCR_Code_Descriptions` (`IUCR_Code`,`Primary_Description`,`Secondary_Description`) VALUES (479,'BATTERY','AGG: HANDS/FIST/FEET SERIOUS INJURY');
INSERT INTO `IUCR_Code_Descriptions` (`IUCR_Code`,`Primary_Description`,`Secondary_Description`) VALUES (480,'BATTERY','AGG PRO.EMP: HANDGUN');
INSERT INTO `IUCR_Code_Descriptions` (`IUCR_Code`,`Primary_Description`,`Secondary_Description`) VALUES (481,'BATTERY','AGG PRO.EMP: OTHER FIREARM');
INSERT INTO `IUCR_Code_Descriptions` (`IUCR_Code`,`Primary_Description`,`Secondary_Description`) VALUES (482,'BATTERY','AGG PRO.EMP:KNIFE/CUTTING INST');
INSERT INTO `IUCR_Code_Descriptions` (`IUCR_Code`,`Primary_Description`,`Secondary_Description`) VALUES (483,'BATTERY','AGG PRO.EMP: OTHER DANG WEAPON');
INSERT INTO `IUCR_Code_Descriptions` (`IUCR_Code`,`Primary_Description`,`Secondary_Description`) VALUES (484,'BATTERY','PRO EMP HANDS NO/MIN INJURY');
INSERT INTO `IUCR_Code_Descriptions` (`IUCR_Code`,`Primary_Description`,`Secondary_Description`) VALUES (485,'BATTERY','AGGRAVATED OF A CHILD');
INSERT INTO `IUCR_Code_Descriptions` (`IUCR_Code`,`Primary_Description`,`Secondary_Description`) VALUES (486,'BATTERY','DOMESTIC BATTERY SIMPLE');
INSERT INTO `IUCR_Code_Descriptions` (`IUCR_Code`,`Primary_Description`,`Secondary_Description`) VALUES (487,'BATTERY','AGGRAVATED OF A UNBORN CHILD');
INSERT INTO `IUCR_Code_Descriptions` (`IUCR_Code`,`Primary_Description`,`Secondary_Description`) VALUES (488,'BATTERY','AGGRAVATED DOMESTIC BATTERY: HANDGUN');
INSERT INTO `IUCR_Code_Descriptions` (`IUCR_Code`,`Primary_Description`,`Secondary_Description`) VALUES (489,'BATTERY','AGGRAVATED DOMESTIC BATTERY: OTHER FIREARM');
INSERT INTO `IUCR_Code_Descriptions` (`IUCR_Code`,`Primary_Description`,`Secondary_Description`) VALUES (490,'RITUALISM','AGG RITUAL MUT:HANDGUN');
INSERT INTO `IUCR_Code_Descriptions` (`IUCR_Code`,`Primary_Description`,`Secondary_Description`) VALUES (491,'RITUALISM','AGG RITUAL MUT:OTHER FIREARM');
INSERT INTO `IUCR_Code_Descriptions` (`IUCR_Code`,`Primary_Description`,`Secondary_Description`) VALUES (492,'RITUALISM','AGG RITUAL MUT:KNIFE/CUTTING I');
INSERT INTO `IUCR_Code_Descriptions` (`IUCR_Code`,`Primary_Description`,`Secondary_Description`) VALUES (493,'RITUALISM','AGG RITUAL MUT:OTH DANG WEAPON');
INSERT INTO `IUCR_Code_Descriptions` (`IUCR_Code`,`Primary_Description`,`Secondary_Description`) VALUES (494,'RITUALISM','AGG RIT MUT: HANDS/FIST/FEET NO/MINOR INJURY');
INSERT INTO `IUCR_Code_Descriptions` (`IUCR_Code`,`Primary_Description`,`Secondary_Description`) VALUES (495,'BATTERY','AGGRAVATED OF A SENIOR CITIZEN');
INSERT INTO `IUCR_Code_Descriptions` (`IUCR_Code`,`Primary_Description`,`Secondary_Description`) VALUES (496,'BATTERY','AGGRAVATED DOMESTIC BATTERY: KNIFE/CUTTING INST');
INSERT INTO `IUCR_Code_Descriptions` (`IUCR_Code`,`Primary_Description`,`Secondary_Description`) VALUES (497,'BATTERY','AGGRAVATED DOMESTIC BATTERY: OTHER DANG WEAPON');
INSERT INTO `IUCR_Code_Descriptions` (`IUCR_Code`,`Primary_Description`,`Secondary_Description`) VALUES (498,'BATTERY','AGGRAVATED DOMESTIC BATTERY: HANDS/FIST/FEET SERIOUS INJURY');
INSERT INTO `IUCR_Code_Descriptions` (`IUCR_Code`,`Primary_Description`,`Secondary_Description`) VALUES (500,'OTHER OFFENSE','EAVESDROPPING');
INSERT INTO `IUCR_Code_Descriptions` (`IUCR_Code`,`Primary_Description`,`Secondary_Description`) VALUES (501,'OTHER OFFENSE','ABUSE/NEGLECT: CARE FACILITY');
INSERT INTO `IUCR_Code_Descriptions` (`IUCR_Code`,`Primary_Description`,`Secondary_Description`) VALUES (502,'OTHER OFFENSE','ANIMAL ABUSE/NEGLECT');
INSERT INTO `IUCR_Code_Descriptions` (`IUCR_Code`,`Primary_Description`,`Secondary_Description`) VALUES (503,'OTHER OFFENSE','HAZARDOUS MATERIALS VIOLATION');
INSERT INTO `IUCR_Code_Descriptions` (`IUCR_Code`,`Primary_Description`,`Secondary_Description`) VALUES (504,'OTHER OFFENSE','FALSE/STOLEN/ALTERED TRP');
INSERT INTO `IUCR_Code_Descriptions` (`IUCR_Code`,`Primary_Description`,`Secondary_Description`) VALUES (505,'OTHER OFFENSE','VEHICLE TITLE/REG OFFENSE');
INSERT INTO `IUCR_Code_Descriptions` (`IUCR_Code`,`Primary_Description`,`Secondary_Description`) VALUES (506,'OTHER OFFENSE','TAMPER WITH MOTOR VEHICLE');
INSERT INTO `IUCR_Code_Descriptions` (`IUCR_Code`,`Primary_Description`,`Secondary_Description`) VALUES (510,'RITUALISM','AGG RIT MUT: HANDS/FIST/FEET SERIOUS INJURY');
INSERT INTO `IUCR_Code_Descriptions` (`IUCR_Code`,`Primary_Description`,`Secondary_Description`) VALUES (520,'ASSAULT','AGGRAVATED:KNIFE/CUTTING INSTR');
INSERT INTO `IUCR_Code_Descriptions` (`IUCR_Code`,`Primary_Description`,`Secondary_Description`) VALUES (530,'ASSAULT','AGGRAVATED: OTHER DANG WEAPON');
INSERT INTO `IUCR_Code_Descriptions` (`IUCR_Code`,`Primary_Description`,`Secondary_Description`) VALUES (545,'ASSAULT','PRO EMP HANDS NO/MIN INJURY');
INSERT INTO `IUCR_Code_Descriptions` (`IUCR_Code`,`Primary_Description`,`Secondary_Description`) VALUES (550,'ASSAULT','AGGRAVATED PO: HANDGUN');
INSERT INTO `IUCR_Code_Descriptions` (`IUCR_Code`,`Primary_Description`,`Secondary_Description`) VALUES (551,'ASSAULT','AGGRAVATED PO: OTHER FIREARM');
INSERT INTO `IUCR_Code_Descriptions` (`IUCR_Code`,`Primary_Description`,`Secondary_Description`) VALUES (552,'ASSAULT','AGGRAVATED PO:KNIFE/CUT INSTR');
INSERT INTO `IUCR_Code_Descriptions` (`IUCR_Code`,`Primary_Description`,`Secondary_Description`) VALUES (553,'ASSAULT','AGGRAVATED PO: OTHER DANG WEAP');
INSERT INTO `IUCR_Code_Descriptions` (`IUCR_Code`,`Primary_Description`,`Secondary_Description`) VALUES (554,'ASSAULT','AGG PO HANDS NO/MIN INJURY');
INSERT INTO `IUCR_Code_Descriptions` (`IUCR_Code`,`Primary_Description`,`Secondary_Description`) VALUES (555,'ASSAULT','AGG PRO.EMP: HANDGUN');
INSERT INTO `IUCR_Code_Descriptions` (`IUCR_Code`,`Primary_Description`,`Secondary_Description`) VALUES (556,'ASSAULT','AGG PRO.EMP: OTHER FIREARM');
INSERT INTO `IUCR_Code_Descriptions` (`IUCR_Code`,`Primary_Description`,`Secondary_Description`) VALUES (557,'ASSAULT','AGG PRO.EMP:KNIFE/CUTTING INST');
INSERT INTO `IUCR_Code_Descriptions` (`IUCR_Code`,`Primary_Description`,`Secondary_Description`) VALUES (558,'ASSAULT','AGG PRO.EMP: OTHER DANG WEAPON');
INSERT INTO `IUCR_Code_Descriptions` (`IUCR_Code`,`Primary_Description`,`Secondary_Description`) VALUES (560,'ASSAULT','SIMPLE');
INSERT INTO `IUCR_Code_Descriptions` (`IUCR_Code`,`Primary_Description`,`Secondary_Description`) VALUES (580,'STALKING','SIMPLE');
INSERT INTO `IUCR_Code_Descriptions` (`IUCR_Code`,`Primary_Description`,`Secondary_Description`) VALUES (581,'STALKING','AGGRAVATED');
INSERT INTO `IUCR_Code_Descriptions` (`IUCR_Code`,`Primary_Description`,`Secondary_Description`) VALUES (583,'STALKING','CYBERSTALKING');
INSERT INTO `IUCR_Code_Descriptions` (`IUCR_Code`,`Primary_Description`,`Secondary_Description`) VALUES (584,'STALKING','VIOLATION OF STALKING NO CONTACT ORDER');
INSERT INTO `IUCR_Code_Descriptions` (`IUCR_Code`,`Primary_Description`,`Secondary_Description`) VALUES (585,'NON-CRIMINAL','NOTIFICATION OF STALKING - NO CONTACT ORDER');
INSERT INTO `IUCR_Code_Descriptions` (`IUCR_Code`,`Primary_Description`,`Secondary_Description`) VALUES (610,'BURGLARY','FORCIBLE ENTRY');
INSERT INTO `IUCR_Code_Descriptions` (`IUCR_Code`,`Primary_Description`,`Secondary_Description`) VALUES (620,'BURGLARY','UNLAWFUL ENTRY');
INSERT INTO `IUCR_Code_Descriptions` (`IUCR_Code`,`Primary_Description`,`Secondary_Description`) VALUES (630,'BURGLARY','ATTEMPT FORCIBLE ENTRY');
INSERT INTO `IUCR_Code_Descriptions` (`IUCR_Code`,`Primary_Description`,`Secondary_Description`) VALUES (650,'BURGLARY','HOME INVASION');
INSERT INTO `IUCR_Code_Descriptions` (`IUCR_Code`,`Primary_Description`,`Secondary_Description`) VALUES (810,'THEFT','OVER $500');
INSERT INTO `IUCR_Code_Descriptions` (`IUCR_Code`,`Primary_Description`,`Secondary_Description`) VALUES (820,'THEFT','$500 AND UNDER');
INSERT INTO `IUCR_Code_Descriptions` (`IUCR_Code`,`Primary_Description`,`Secondary_Description`) VALUES (840,'THEFT','FINANCIAL ID THEFT: OVER $300');
INSERT INTO `IUCR_Code_Descriptions` (`IUCR_Code`,`Primary_Description`,`Secondary_Description`) VALUES (841,'THEFT','FINANCIAL ID THEFT:$300 &UNDER');
INSERT INTO `IUCR_Code_Descriptions` (`IUCR_Code`,`Primary_Description`,`Secondary_Description`) VALUES (842,'THEFT','AGG: FINANCIAL ID THEFT');
INSERT INTO `IUCR_Code_Descriptions` (`IUCR_Code`,`Primary_Description`,`Secondary_Description`) VALUES (843,'THEFT','ATTEMPT FINANCIAL IDENTITY THEFT');
INSERT INTO `IUCR_Code_Descriptions` (`IUCR_Code`,`Primary_Description`,`Secondary_Description`) VALUES (850,'THEFT','ATTEMPT THEFT');
INSERT INTO `IUCR_Code_Descriptions` (`IUCR_Code`,`Primary_Description`,`Secondary_Description`) VALUES (860,'THEFT','RETAIL THEFT');
INSERT INTO `IUCR_Code_Descriptions` (`IUCR_Code`,`Primary_Description`,`Secondary_Description`) VALUES (865,'THEFT','DELIVERY CONTAINER THEFT');
INSERT INTO `IUCR_Code_Descriptions` (`IUCR_Code`,`Primary_Description`,`Secondary_Description`) VALUES (870,'THEFT','POCKET-PICKING');
INSERT INTO `IUCR_Code_Descriptions` (`IUCR_Code`,`Primary_Description`,`Secondary_Description`) VALUES (880,'THEFT','PURSE-SNATCHING');
INSERT INTO `IUCR_Code_Descriptions` (`IUCR_Code`,`Primary_Description`,`Secondary_Description`) VALUES (890,'THEFT','FROM BUILDING');
INSERT INTO `IUCR_Code_Descriptions` (`IUCR_Code`,`Primary_Description`,`Secondary_Description`) VALUES (895,'THEFT','FROM COIN-OP MACHINE/DEVICE');
INSERT INTO `IUCR_Code_Descriptions` (`IUCR_Code`,`Primary_Description`,`Secondary_Description`) VALUES (910,'MOTOR VEHICLE THEFT','AUTOMOBILE');
INSERT INTO `IUCR_Code_Descriptions` (`IUCR_Code`,`Primary_Description`,`Secondary_Description`) VALUES (915,'MOTOR VEHICLE THEFT','TRUCK, BUS, MOTOR HOME');
INSERT INTO `IUCR_Code_Descriptions` (`IUCR_Code`,`Primary_Description`,`Secondary_Description`) VALUES (917,'MOTOR VEHICLE THEFT','CYCLE, SCOOTER, BIKE W-VIN');
INSERT INTO `IUCR_Code_Descriptions` (`IUCR_Code`,`Primary_Description`,`Secondary_Description`) VALUES (918,'MOTOR VEHICLE THEFT','CYCLE, SCOOTER, BIKE NO VIN');
INSERT INTO `IUCR_Code_Descriptions` (`IUCR_Code`,`Primary_Description`,`Secondary_Description`) VALUES (920,'MOTOR VEHICLE THEFT','ATT: AUTOMOBILE');
INSERT INTO `IUCR_Code_Descriptions` (`IUCR_Code`,`Primary_Description`,`Secondary_Description`) VALUES (925,'MOTOR VEHICLE THEFT','ATT: TRUCK, BUS, MOTOR HOME');
INSERT INTO `IUCR_Code_Descriptions` (`IUCR_Code`,`Primary_Description`,`Secondary_Description`) VALUES (927,'MOTOR VEHICLE THEFT','ATTEMPT: CYCLE, SCOOTER, BIKE W-VIN');
INSERT INTO `IUCR_Code_Descriptions` (`IUCR_Code`,`Primary_Description`,`Secondary_Description`) VALUES (928,'MOTOR VEHICLE THEFT','ATTEMPT: CYCLE, SCOOTER, BIKE NO VIN');
INSERT INTO `IUCR_Code_Descriptions` (`IUCR_Code`,`Primary_Description`,`Secondary_Description`) VALUES (930,'MOTOR VEHICLE THEFT','THEFT/RECOVERY: AUTOMOBILE');
INSERT INTO `IUCR_Code_Descriptions` (`IUCR_Code`,`Primary_Description`,`Secondary_Description`) VALUES (935,'MOTOR VEHICLE THEFT','THEFT/RECOVERY: TRUCK,BUS,MHOME');
INSERT INTO `IUCR_Code_Descriptions` (`IUCR_Code`,`Primary_Description`,`Secondary_Description`) VALUES (937,'MOTOR VEHICLE THEFT','THEFT/RECOVERY: CYCLE, SCOOTER, BIKE W-VIN');
INSERT INTO `IUCR_Code_Descriptions` (`IUCR_Code`,`Primary_Description`,`Secondary_Description`) VALUES (938,'MOTOR VEHICLE THEFT','THEFT/RECOVERY: CYCLE, SCOOTER, BIKE NO VIN');
INSERT INTO `IUCR_Code_Descriptions` (`IUCR_Code`,`Primary_Description`,`Secondary_Description`) VALUES (1010,'ARSON','BY EXPLOSIVE');
INSERT INTO `IUCR_Code_Descriptions` (`IUCR_Code`,`Primary_Description`,`Secondary_Description`) VALUES (1020,'ARSON','BY FIRE');
INSERT INTO `IUCR_Code_Descriptions` (`IUCR_Code`,`Primary_Description`,`Secondary_Description`) VALUES (1025,'ARSON','AGGRAVATED');
INSERT INTO `IUCR_Code_Descriptions` (`IUCR_Code`,`Primary_Description`,`Secondary_Description`) VALUES (1030,'ARSON','POS: EXPLOSIVE/INCENDIARY DEV');
INSERT INTO `IUCR_Code_Descriptions` (`IUCR_Code`,`Primary_Description`,`Secondary_Description`) VALUES (1031,'ROBBERY','ARMED: HANDGUN');
INSERT INTO `IUCR_Code_Descriptions` (`IUCR_Code`,`Primary_Description`,`Secondary_Description`) VALUES (1032,'ROBBERY','ARMED: OTHER FIREARM');
INSERT INTO `IUCR_Code_Descriptions` (`IUCR_Code`,`Primary_Description`,`Secondary_Description`) VALUES (1033,'ROBBERY','ATTEMPT: ARMED-HANDGUN');
INSERT INTO `IUCR_Code_Descriptions` (`IUCR_Code`,`Primary_Description`,`Secondary_Description`) VALUES (1034,'ROBBERY','ATTEMPT: ARMED-OTHER FIREARM');
INSERT INTO `IUCR_Code_Descriptions` (`IUCR_Code`,`Primary_Description`,`Secondary_Description`) VALUES (1035,'ARSON','POS: CHEMICAL/DRY-ICE DEVICE');
INSERT INTO `IUCR_Code_Descriptions` (`IUCR_Code`,`Primary_Description`,`Secondary_Description`) VALUES (1041,'BATTERY','AGGRAVATED: HANDGUN');
INSERT INTO `IUCR_Code_Descriptions` (`IUCR_Code`,`Primary_Description`,`Secondary_Description`) VALUES (1042,'BATTERY','AGGRAVATED: OTHER FIREARM');
INSERT INTO `IUCR_Code_Descriptions` (`IUCR_Code`,`Primary_Description`,`Secondary_Description`) VALUES (1050,'HUMAN TRAFFICKING','COMMERCIAL SEX ACTS');
INSERT INTO `IUCR_Code_Descriptions` (`IUCR_Code`,`Primary_Description`,`Secondary_Description`) VALUES (1051,'ASSAULT','AGGRAVATED: HANDGUN');
INSERT INTO `IUCR_Code_Descriptions` (`IUCR_Code`,`Primary_Description`,`Secondary_Description`) VALUES (1052,'ASSAULT','AGGRAVATED: OTHER FIREARM');
INSERT INTO `IUCR_Code_Descriptions` (`IUCR_Code`,`Primary_Description`,`Secondary_Description`) VALUES (1055,'HUMAN TRAFFICKING','INVOLUNTARY SERVITUDE');
INSERT INTO `IUCR_Code_Descriptions` (`IUCR_Code`,`Primary_Description`,`Secondary_Description`) VALUES (1090,'ARSON','ATTEMPT ARSON');
INSERT INTO `IUCR_Code_Descriptions` (`IUCR_Code`,`Primary_Description`,`Secondary_Description`) VALUES (1110,'DECEPTIVE PRACTICE','BOGUS CHECK');
INSERT INTO `IUCR_Code_Descriptions` (`IUCR_Code`,`Primary_Description`,`Secondary_Description`) VALUES (1120,'DECEPTIVE PRACTICE','FORGERY');
INSERT INTO `IUCR_Code_Descriptions` (`IUCR_Code`,`Primary_Description`,`Secondary_Description`) VALUES (1121,'DECEPTIVE PRACTICE','COUNTERFEITING DOCUMENT');
INSERT INTO `IUCR_Code_Descriptions` (`IUCR_Code`,`Primary_Description`,`Secondary_Description`) VALUES (1122,'DECEPTIVE PRACTICE','COUNTERFEIT CHECK');
INSERT INTO `IUCR_Code_Descriptions` (`IUCR_Code`,`Primary_Description`,`Secondary_Description`) VALUES (1130,'DECEPTIVE PRACTICE','FRAUD OR CONFIDENCE GAME');
INSERT INTO `IUCR_Code_Descriptions` (`IUCR_Code`,`Primary_Description`,`Secondary_Description`) VALUES (1135,'DECEPTIVE PRACTICE','INSURANCE FRAUD');
INSERT INTO `IUCR_Code_Descriptions` (`IUCR_Code`,`Primary_Description`,`Secondary_Description`) VALUES (1140,'DECEPTIVE PRACTICE','EMBEZZLEMENT');
INSERT INTO `IUCR_Code_Descriptions` (`IUCR_Code`,`Primary_Description`,`Secondary_Description`) VALUES (1141,'WEAPONS VIOLATION','UNLAWFUL USE HANDGUN');
INSERT INTO `IUCR_Code_Descriptions` (`IUCR_Code`,`Primary_Description`,`Secondary_Description`) VALUES (1142,'WEAPONS VIOLATION','UNLAWFUL USE OTHER FIREARM');
INSERT INTO `IUCR_Code_Descriptions` (`IUCR_Code`,`Primary_Description`,`Secondary_Description`) VALUES (1143,'WEAPONS VIOLATION','UNLAWFUL USE OTHER DANG WEAPON');
INSERT INTO `IUCR_Code_Descriptions` (`IUCR_Code`,`Primary_Description`,`Secondary_Description`) VALUES (1144,'WEAPONS VIOLATION','UNLAWFUL SALE HANDGUN');
INSERT INTO `IUCR_Code_Descriptions` (`IUCR_Code`,`Primary_Description`,`Secondary_Description`) VALUES (1145,'WEAPONS VIOLATION','UNLAWFUL SALE OTHER FIREARM');
INSERT INTO `IUCR_Code_Descriptions` (`IUCR_Code`,`Primary_Description`,`Secondary_Description`) VALUES (1146,'WEAPONS VIOLATION','UNLAWFUL POSS OF HANDGUN');
INSERT INTO `IUCR_Code_Descriptions` (`IUCR_Code`,`Primary_Description`,`Secondary_Description`) VALUES (1147,'WEAPONS VIOLATION','UNLAWFUL POSS OTHER FIREARM');
INSERT INTO `IUCR_Code_Descriptions` (`IUCR_Code`,`Primary_Description`,`Secondary_Description`) VALUES (1148,'WEAPONS VIOLATION','UNLAWFUL POSS AMMUNITION');
INSERT INTO `IUCR_Code_Descriptions` (`IUCR_Code`,`Primary_Description`,`Secondary_Description`) VALUES (1150,'DECEPTIVE PRACTICE','CREDIT CARD FRAUD');
INSERT INTO `IUCR_Code_Descriptions` (`IUCR_Code`,`Primary_Description`,`Secondary_Description`) VALUES (1151,'DECEPTIVE PRACTICE','ILLEGAL POSSESSION CASH CARD');
INSERT INTO `IUCR_Code_Descriptions` (`IUCR_Code`,`Primary_Description`,`Secondary_Description`) VALUES (1152,'DECEPTIVE PRACTICE','ILLEGAL USE CASH CARD');
INSERT INTO `IUCR_Code_Descriptions` (`IUCR_Code`,`Primary_Description`,`Secondary_Description`) VALUES (1153,'DECEPTIVE PRACTICE','FINANCIAL IDENTITY THEFT OVER $ 300');
INSERT INTO `IUCR_Code_Descriptions` (`IUCR_Code`,`Primary_Description`,`Secondary_Description`) VALUES (1154,'DECEPTIVE PRACTICE','FINANCIAL IDENTITY THEFT $300 AND UNDER');
INSERT INTO `IUCR_Code_Descriptions` (`IUCR_Code`,`Primary_Description`,`Secondary_Description`) VALUES (1155,'DECEPTIVE PRACTICE','AGGRAVATED FINANCIAL IDENTITY THEFT');
INSERT INTO `IUCR_Code_Descriptions` (`IUCR_Code`,`Primary_Description`,`Secondary_Description`) VALUES (1156,'DECEPTIVE PRACTICE','ATTEMPT - FINANCIAL IDENTITY THEFT');
INSERT INTO `IUCR_Code_Descriptions` (`IUCR_Code`,`Primary_Description`,`Secondary_Description`) VALUES (1160,'DECEPTIVE PRACTICE','ALTER COINS');
INSERT INTO `IUCR_Code_Descriptions` (`IUCR_Code`,`Primary_Description`,`Secondary_Description`) VALUES (1170,'DECEPTIVE PRACTICE','IMPERSONATION');
INSERT INTO `IUCR_Code_Descriptions` (`IUCR_Code`,`Primary_Description`,`Secondary_Description`) VALUES (1185,'DECEPTIVE PRACTICE','DECEPTIVE COLLECTION PRACTICES');
INSERT INTO `IUCR_Code_Descriptions` (`IUCR_Code`,`Primary_Description`,`Secondary_Description`) VALUES (1195,'DECEPTIVE PRACTICE','FINAN EXPLOIT-ELDERLY/DISABLED');
INSERT INTO `IUCR_Code_Descriptions` (`IUCR_Code`,`Primary_Description`,`Secondary_Description`) VALUES (1200,'DECEPTIVE PRACTICE','STOLEN PROP: BUY/RECEIVE/POS.');
INSERT INTO `IUCR_Code_Descriptions` (`IUCR_Code`,`Primary_Description`,`Secondary_Description`) VALUES (1205,'DECEPTIVE PRACTICE','THEFT BY LESSEE,NON-VEH');
INSERT INTO `IUCR_Code_Descriptions` (`IUCR_Code`,`Primary_Description`,`Secondary_Description`) VALUES (1206,'DECEPTIVE PRACTICE','THEFT BY LESSEE,MOTOR VEH');
INSERT INTO `IUCR_Code_Descriptions` (`IUCR_Code`,`Primary_Description`,`Secondary_Description`) VALUES (1210,'DECEPTIVE PRACTICE','THEFT OF LABOR/SERVICES');
INSERT INTO `IUCR_Code_Descriptions` (`IUCR_Code`,`Primary_Description`,`Secondary_Description`) VALUES (1220,'DECEPTIVE PRACTICE','THEFT OF LOST/MISLAID PROP');
INSERT INTO `IUCR_Code_Descriptions` (`IUCR_Code`,`Primary_Description`,`Secondary_Description`) VALUES (1230,'DECEPTIVE PRACTICE','POSS. KEYS OR DEV.TO COIN MACH');
INSERT INTO `IUCR_Code_Descriptions` (`IUCR_Code`,`Primary_Description`,`Secondary_Description`) VALUES (1235,'DECEPTIVE PRACTICE','UNLAWFUL USE OF RECORDED SOUND');
INSERT INTO `IUCR_Code_Descriptions` (`IUCR_Code`,`Primary_Description`,`Secondary_Description`) VALUES (1240,'DECEPTIVE PRACTICE','UNLAWFUL USE OF A COMPUTER');
INSERT INTO `IUCR_Code_Descriptions` (`IUCR_Code`,`Primary_Description`,`Secondary_Description`) VALUES (1241,'DECEPTIVE PRACTICE','AGGRAVATED COMPUTER TAMPERING');
INSERT INTO `IUCR_Code_Descriptions` (`IUCR_Code`,`Primary_Description`,`Secondary_Description`) VALUES (1242,'DECEPTIVE PRACTICE','COMPUTER FRAUD');
INSERT INTO `IUCR_Code_Descriptions` (`IUCR_Code`,`Primary_Description`,`Secondary_Description`) VALUES (1245,'DECEPTIVE PRACTICE','PAY TV SERVICE OFFENSES');
INSERT INTO `IUCR_Code_Descriptions` (`IUCR_Code`,`Primary_Description`,`Secondary_Description`) VALUES (1255,'DECEPTIVE PRACTICE','UNIDENTIFIABLE RECORDING SOUND');
INSERT INTO `IUCR_Code_Descriptions` (`IUCR_Code`,`Primary_Description`,`Secondary_Description`) VALUES (1260,'DECEPTIVE PRACTICE','LIBRARY THEFT');
INSERT INTO `IUCR_Code_Descriptions` (`IUCR_Code`,`Primary_Description`,`Secondary_Description`) VALUES (1261,'DECEPTIVE PRACTICE','UNAUTHORIZED VIDEOTAPING');
INSERT INTO `IUCR_Code_Descriptions` (`IUCR_Code`,`Primary_Description`,`Secondary_Description`) VALUES (1265,'CRIMINAL DAMAGE','LIBRARY VANDALISM');
INSERT INTO `IUCR_Code_Descriptions` (`IUCR_Code`,`Primary_Description`,`Secondary_Description`) VALUES (1305,'CRIMINAL DAMAGE','CRIMINAL DEFACEMENT');
INSERT INTO `IUCR_Code_Descriptions` (`IUCR_Code`,`Primary_Description`,`Secondary_Description`) VALUES (1310,'CRIMINAL DAMAGE','TO PROPERTY');
INSERT INTO `IUCR_Code_Descriptions` (`IUCR_Code`,`Primary_Description`,`Secondary_Description`) VALUES (1320,'CRIMINAL DAMAGE','TO VEHICLE');
INSERT INTO `IUCR_Code_Descriptions` (`IUCR_Code`,`Primary_Description`,`Secondary_Description`) VALUES (1330,'CRIMINAL TRESPASS','TO LAND');
INSERT INTO `IUCR_Code_Descriptions` (`IUCR_Code`,`Primary_Description`,`Secondary_Description`) VALUES (1335,'CRIMINAL TRESPASS','TO AIRPORT');
INSERT INTO `IUCR_Code_Descriptions` (`IUCR_Code`,`Primary_Description`,`Secondary_Description`) VALUES (1340,'CRIMINAL DAMAGE','TO STATE SUP PROP');
INSERT INTO `IUCR_Code_Descriptions` (`IUCR_Code`,`Primary_Description`,`Secondary_Description`) VALUES (1345,'CRIMINAL DAMAGE','TO CITY OF CHICAGO PROPERTY');
INSERT INTO `IUCR_Code_Descriptions` (`IUCR_Code`,`Primary_Description`,`Secondary_Description`) VALUES (1350,'CRIMINAL TRESPASS','TO STATE SUP LAND');
INSERT INTO `IUCR_Code_Descriptions` (`IUCR_Code`,`Primary_Description`,`Secondary_Description`) VALUES (1360,'CRIMINAL TRESPASS','TO VEHICLE');
INSERT INTO `IUCR_Code_Descriptions` (`IUCR_Code`,`Primary_Description`,`Secondary_Description`) VALUES (1365,'CRIMINAL TRESPASS','TO RESIDENCE');
INSERT INTO `IUCR_Code_Descriptions` (`IUCR_Code`,`Primary_Description`,`Secondary_Description`) VALUES (1370,'CRIMINAL DAMAGE','TO FIRE FIGHT.APP.EQUIP');
INSERT INTO `IUCR_Code_Descriptions` (`IUCR_Code`,`Primary_Description`,`Secondary_Description`) VALUES (1375,'CRIMINAL DAMAGE','INSTITUTIONAL VANDALISM');
INSERT INTO `IUCR_Code_Descriptions` (`IUCR_Code`,`Primary_Description`,`Secondary_Description`) VALUES (1435,'WEAPONS VIOLATION','UNLAWFUL SALE/DELIVERY OF FIREARM AT SCHOOL');
INSERT INTO `IUCR_Code_Descriptions` (`IUCR_Code`,`Primary_Description`,`Secondary_Description`) VALUES (1440,'WEAPONS VIOLATION','REGISTER OF SALES BY DEALER');
INSERT INTO `IUCR_Code_Descriptions` (`IUCR_Code`,`Primary_Description`,`Secondary_Description`) VALUES (1450,'WEAPONS VIOLATION','DEFACE IDENT MARKS OF FIREARM');
INSERT INTO `IUCR_Code_Descriptions` (`IUCR_Code`,`Primary_Description`,`Secondary_Description`) VALUES (1460,'WEAPONS VIOLATION','POSS FIREARM/AMMO:NO FOID CARD');
INSERT INTO `IUCR_Code_Descriptions` (`IUCR_Code`,`Primary_Description`,`Secondary_Description`) VALUES (1475,'WEAPONS VIOLATION','SALE OF METAL PIERCING BULLETS');
INSERT INTO `IUCR_Code_Descriptions` (`IUCR_Code`,`Primary_Description`,`Secondary_Description`) VALUES (1476,'WEAPONS VIOLATION','USE OF METAL PIERCING BULLETS');
INSERT INTO `IUCR_Code_Descriptions` (`IUCR_Code`,`Primary_Description`,`Secondary_Description`) VALUES (1477,'WEAPONS VIOLATION','RECKLESS FIREARM DISCHARGE');
INSERT INTO `IUCR_Code_Descriptions` (`IUCR_Code`,`Primary_Description`,`Secondary_Description`) VALUES (1478,'CONCEALED CARRY LICENSE VIOLATION','PROHIBITED PLACES');
INSERT INTO `IUCR_Code_Descriptions` (`IUCR_Code`,`Primary_Description`,`Secondary_Description`) VALUES (1479,'CONCEALED CARRY LICENSE VIOLATION','ARMED WHILE UNDER THE INFLUENCE');
INSERT INTO `IUCR_Code_Descriptions` (`IUCR_Code`,`Primary_Description`,`Secondary_Description`) VALUES (1480,'CONCEALED CARRY LICENSE VIOLATION','OTHER');
INSERT INTO `IUCR_Code_Descriptions` (`IUCR_Code`,`Primary_Description`,`Secondary_Description`) VALUES (1481,'NON-CRIMINAL','CONCEALED CARRY LICENSE REVOCATION');
INSERT INTO `IUCR_Code_Descriptions` (`IUCR_Code`,`Primary_Description`,`Secondary_Description`) VALUES (1505,'PROSTITUTION','CALL OPERATION');
INSERT INTO `IUCR_Code_Descriptions` (`IUCR_Code`,`Primary_Description`,`Secondary_Description`) VALUES (1506,'PROSTITUTION','SOLICIT ON PUBLIC WAY');
INSERT INTO `IUCR_Code_Descriptions` (`IUCR_Code`,`Primary_Description`,`Secondary_Description`) VALUES (1507,'PROSTITUTION','SOLICIT OFF PUBLIC WAY');
INSERT INTO `IUCR_Code_Descriptions` (`IUCR_Code`,`Primary_Description`,`Secondary_Description`) VALUES (1510,'PROSTITUTION','CAB OPERATION');
INSERT INTO `IUCR_Code_Descriptions` (`IUCR_Code`,`Primary_Description`,`Secondary_Description`) VALUES (1511,'PROSTITUTION','IN TAVERN');
INSERT INTO `IUCR_Code_Descriptions` (`IUCR_Code`,`Primary_Description`,`Secondary_Description`) VALUES (1512,'PROSTITUTION','SOLICIT FOR PROSTITUTE');
INSERT INTO `IUCR_Code_Descriptions` (`IUCR_Code`,`Primary_Description`,`Secondary_Description`) VALUES (1513,'PROSTITUTION','SOLICIT FOR BUSINESS');
INSERT INTO `IUCR_Code_Descriptions` (`IUCR_Code`,`Primary_Description`,`Secondary_Description`) VALUES (1515,'PROSTITUTION','PANDERING');
INSERT INTO `IUCR_Code_Descriptions` (`IUCR_Code`,`Primary_Description`,`Secondary_Description`) VALUES (1520,'PROSTITUTION','KEEP PLACE OF PROSTITUTION');
INSERT INTO `IUCR_Code_Descriptions` (`IUCR_Code`,`Primary_Description`,`Secondary_Description`) VALUES (1521,'PROSTITUTION','KEEP PLACE OF JUV PROSTITUTION');
INSERT INTO `IUCR_Code_Descriptions` (`IUCR_Code`,`Primary_Description`,`Secondary_Description`) VALUES (1525,'PROSTITUTION','PATRONIZING A PROSTITUTE');
INSERT INTO `IUCR_Code_Descriptions` (`IUCR_Code`,`Primary_Description`,`Secondary_Description`) VALUES (1526,'PROSTITUTION','PATRONIZE JUVENILE PROSTITUTE');
INSERT INTO `IUCR_Code_Descriptions` (`IUCR_Code`,`Primary_Description`,`Secondary_Description`) VALUES (1530,'PROSTITUTION','PIMPING');
INSERT INTO `IUCR_Code_Descriptions` (`IUCR_Code`,`Primary_Description`,`Secondary_Description`) VALUES (1531,'PROSTITUTION','JUVENILE PIMPING');
INSERT INTO `IUCR_Code_Descriptions` (`IUCR_Code`,`Primary_Description`,`Secondary_Description`) VALUES (1535,'OBSCENITY','OBSCENITY');
INSERT INTO `IUCR_Code_Descriptions` (`IUCR_Code`,`Primary_Description`,`Secondary_Description`) VALUES (1536,'PUBLIC INDECENCY','LICENSED PREMISE');
INSERT INTO `IUCR_Code_Descriptions` (`IUCR_Code`,`Primary_Description`,`Secondary_Description`) VALUES (1537,'OFFENSE INVOLVING CHILDREN','POS: PORNOGRAPHIC PRINT');
INSERT INTO `IUCR_Code_Descriptions` (`IUCR_Code`,`Primary_Description`,`Secondary_Description`) VALUES (1540,'OBSCENITY','OBSCENE MATTER');
INSERT INTO `IUCR_Code_Descriptions` (`IUCR_Code`,`Primary_Description`,`Secondary_Description`) VALUES (1541,'OBSCENITY','SALE/DIST OBSCENE MAT TO MINOR');
INSERT INTO `IUCR_Code_Descriptions` (`IUCR_Code`,`Primary_Description`,`Secondary_Description`) VALUES (1542,'OBSCENITY','SALE OF OBSCENE MATERIALS');
INSERT INTO `IUCR_Code_Descriptions` (`IUCR_Code`,`Primary_Description`,`Secondary_Description`) VALUES (1544,'SEX OFFENSE','SEXUAL EXPLOITATION OF A CHILD');
INSERT INTO `IUCR_Code_Descriptions` (`IUCR_Code`,`Primary_Description`,`Secondary_Description`) VALUES (1549,'PROSTITUTION','OTHER PROSTITUTION OFFENSE');
INSERT INTO `IUCR_Code_Descriptions` (`IUCR_Code`,`Primary_Description`,`Secondary_Description`) VALUES (1562,'SEX OFFENSE','AGG CRIMINAL SEXUAL ABUSE');
INSERT INTO `IUCR_Code_Descriptions` (`IUCR_Code`,`Primary_Description`,`Secondary_Description`) VALUES (1563,'SEX OFFENSE','CRIMINAL SEXUAL ABUSE');
INSERT INTO `IUCR_Code_Descriptions` (`IUCR_Code`,`Primary_Description`,`Secondary_Description`) VALUES (1564,'SEX OFFENSE','CRIMINAL TRANSMISSION OF HIV');
INSERT INTO `IUCR_Code_Descriptions` (`IUCR_Code`,`Primary_Description`,`Secondary_Description`) VALUES (1565,'SEX OFFENSE','INDECENT SOLICITATION/CHILD');
INSERT INTO `IUCR_Code_Descriptions` (`IUCR_Code`,`Primary_Description`,`Secondary_Description`) VALUES (1566,'SEX OFFENSE','INDECENT SOLICITATION/ADULT');
INSERT INTO `IUCR_Code_Descriptions` (`IUCR_Code`,`Primary_Description`,`Secondary_Description`) VALUES (1570,'SEX OFFENSE','PUBLIC INDECENCY');
INSERT INTO `IUCR_Code_Descriptions` (`IUCR_Code`,`Primary_Description`,`Secondary_Description`) VALUES (1572,'SEX OFFENSE','ADULTRY');
INSERT INTO `IUCR_Code_Descriptions` (`IUCR_Code`,`Primary_Description`,`Secondary_Description`) VALUES (1574,'SEX OFFENSE','FORNICATION');
INSERT INTO `IUCR_Code_Descriptions` (`IUCR_Code`,`Primary_Description`,`Secondary_Description`) VALUES (1576,'SEX OFFENSE','BIGAMY');
INSERT INTO `IUCR_Code_Descriptions` (`IUCR_Code`,`Primary_Description`,`Secondary_Description`) VALUES (1578,'SEX OFFENSE','MARRYING A BIGAMIST');
INSERT INTO `IUCR_Code_Descriptions` (`IUCR_Code`,`Primary_Description`,`Secondary_Description`) VALUES (1580,'SEX OFFENSE','SEX RELATION IN FAMILY');
INSERT INTO `IUCR_Code_Descriptions` (`IUCR_Code`,`Primary_Description`,`Secondary_Description`) VALUES (1582,'OFFENSE INVOLVING CHILDREN','CHILD PORNOGRAPHY');
INSERT INTO `IUCR_Code_Descriptions` (`IUCR_Code`,`Primary_Description`,`Secondary_Description`) VALUES (1585,'SEX OFFENSE','OTHER');
INSERT INTO `IUCR_Code_Descriptions` (`IUCR_Code`,`Primary_Description`,`Secondary_Description`) VALUES (1590,'SEX OFFENSE','ATT AGG CRIMINAL SEXUAL ABUSE');
INSERT INTO `IUCR_Code_Descriptions` (`IUCR_Code`,`Primary_Description`,`Secondary_Description`) VALUES (1610,'GAMBLING','BOOKMAKING/HORSES');
INSERT INTO `IUCR_Code_Descriptions` (`IUCR_Code`,`Primary_Description`,`Secondary_Description`) VALUES (1611,'GAMBLING','BOOKMAKING/SPORTS');
INSERT INTO `IUCR_Code_Descriptions` (`IUCR_Code`,`Primary_Description`,`Secondary_Description`) VALUES (1620,'GAMBLING','BOLITA OR BOLI PUL/OFFICE');
INSERT INTO `IUCR_Code_Descriptions` (`IUCR_Code`,`Primary_Description`,`Secondary_Description`) VALUES (1621,'GAMBLING','BOLITA OR BOLI PUL/RUNNER');
INSERT INTO `IUCR_Code_Descriptions` (`IUCR_Code`,`Primary_Description`,`Secondary_Description`) VALUES (1622,'GAMBLING','BOLITA OR BOLI PUL/WRITER');
INSERT INTO `IUCR_Code_Descriptions` (`IUCR_Code`,`Primary_Description`,`Secondary_Description`) VALUES (1623,'GAMBLING','BOLITA OR BOLI PUL/STATION');
INSERT INTO `IUCR_Code_Descriptions` (`IUCR_Code`,`Primary_Description`,`Secondary_Description`) VALUES (1624,'GAMBLING','LOTTERY/PARI-MUTUEL');
INSERT INTO `IUCR_Code_Descriptions` (`IUCR_Code`,`Primary_Description`,`Secondary_Description`) VALUES (1625,'GAMBLING','NATIONAL LOTTERY');
INSERT INTO `IUCR_Code_Descriptions` (`IUCR_Code`,`Primary_Description`,`Secondary_Description`) VALUES (1626,'GAMBLING','ILLEGAL ILL LOTTERY');
INSERT INTO `IUCR_Code_Descriptions` (`IUCR_Code`,`Primary_Description`,`Secondary_Description`) VALUES (1627,'GAMBLING','LOTTERY/OTHER');
INSERT INTO `IUCR_Code_Descriptions` (`IUCR_Code`,`Primary_Description`,`Secondary_Description`) VALUES (1630,'GAMBLING','WIREROOM/HORSES');
INSERT INTO `IUCR_Code_Descriptions` (`IUCR_Code`,`Primary_Description`,`Secondary_Description`) VALUES (1631,'GAMBLING','WIREROOM/SPORTS');
INSERT INTO `IUCR_Code_Descriptions` (`IUCR_Code`,`Primary_Description`,`Secondary_Description`) VALUES (1632,'GAMBLING','WIREROOM/NUMBERS');
INSERT INTO `IUCR_Code_Descriptions` (`IUCR_Code`,`Primary_Description`,`Secondary_Description`) VALUES (1633,'GAMBLING','SPORTS TAMPERING');
INSERT INTO `IUCR_Code_Descriptions` (`IUCR_Code`,`Primary_Description`,`Secondary_Description`) VALUES (1640,'GAMBLING','REGISTER FED GAMBLING STAMP');
INSERT INTO `IUCR_Code_Descriptions` (`IUCR_Code`,`Primary_Description`,`Secondary_Description`) VALUES (1650,'GAMBLING','VIOL CHARITABLE GAME ACT');
INSERT INTO `IUCR_Code_Descriptions` (`IUCR_Code`,`Primary_Description`,`Secondary_Description`) VALUES (1651,'GAMBLING','GAME/CARDS');
INSERT INTO `IUCR_Code_Descriptions` (`IUCR_Code`,`Primary_Description`,`Secondary_Description`) VALUES (1661,'GAMBLING','GAME/DICE');
INSERT INTO `IUCR_Code_Descriptions` (`IUCR_Code`,`Primary_Description`,`Secondary_Description`) VALUES (1670,'GAMBLING','GAME/AMUSEMENT DEVICE');
INSERT INTO `IUCR_Code_Descriptions` (`IUCR_Code`,`Primary_Description`,`Secondary_Description`) VALUES (1680,'GAMBLING','OTHER');
INSERT INTO `IUCR_Code_Descriptions` (`IUCR_Code`,`Primary_Description`,`Secondary_Description`) VALUES (1681,'GAMBLING','LOTTERY/PARLAY CARDS');
INSERT INTO `IUCR_Code_Descriptions` (`IUCR_Code`,`Primary_Description`,`Secondary_Description`) VALUES (1682,'OTHER OFFENSE','ANIMAL FIGHTING');
INSERT INTO `IUCR_Code_Descriptions` (`IUCR_Code`,`Primary_Description`,`Secondary_Description`) VALUES (1690,'GAMBLING','POLICY/HOUSEBOOK');
INSERT INTO `IUCR_Code_Descriptions` (`IUCR_Code`,`Primary_Description`,`Secondary_Description`) VALUES (1691,'GAMBLING','POLICY/STATION');
INSERT INTO `IUCR_Code_Descriptions` (`IUCR_Code`,`Primary_Description`,`Secondary_Description`) VALUES (1692,'GAMBLING','POLICY/RUNNER');
INSERT INTO `IUCR_Code_Descriptions` (`IUCR_Code`,`Primary_Description`,`Secondary_Description`) VALUES (1693,'GAMBLING','POLICY/TURN-IN');
INSERT INTO `IUCR_Code_Descriptions` (`IUCR_Code`,`Primary_Description`,`Secondary_Description`) VALUES (1694,'GAMBLING','POLICY/OFFICE');
INSERT INTO `IUCR_Code_Descriptions` (`IUCR_Code`,`Primary_Description`,`Secondary_Description`) VALUES (1695,'GAMBLING','POLICY/PRESS');
INSERT INTO `IUCR_Code_Descriptions` (`IUCR_Code`,`Primary_Description`,`Secondary_Description`) VALUES (1696,'GAMBLING','POLICY/WHEEL');
INSERT INTO `IUCR_Code_Descriptions` (`IUCR_Code`,`Primary_Description`,`Secondary_Description`) VALUES (1697,'GAMBLING','POLICY/OTHER');
INSERT INTO `IUCR_Code_Descriptions` (`IUCR_Code`,`Primary_Description`,`Secondary_Description`) VALUES (1710,'OFFENSE INVOLVING CHILDREN','ENDANGERING LIFE/HEALTH CHILD');
INSERT INTO `IUCR_Code_Descriptions` (`IUCR_Code`,`Primary_Description`,`Secondary_Description`) VALUES (1715,'OFFENSE INVOLVING CHILDREN','SALE TOBACCO PRODUCTS TO MINOR');
INSERT INTO `IUCR_Code_Descriptions` (`IUCR_Code`,`Primary_Description`,`Secondary_Description`) VALUES (1720,'OFFENSE INVOLVING CHILDREN','CONTRIBUTE DELINQUENCY OF A CHILD');
INSERT INTO `IUCR_Code_Descriptions` (`IUCR_Code`,`Primary_Description`,`Secondary_Description`) VALUES (1725,'OFFENSE INVOLVING CHILDREN','CONTRIBUTE CRIM DELINQUENCY JUVENILE');
INSERT INTO `IUCR_Code_Descriptions` (`IUCR_Code`,`Primary_Description`,`Secondary_Description`) VALUES (1750,'OFFENSE INVOLVING CHILDREN','CHILD ABUSE');
INSERT INTO `IUCR_Code_Descriptions` (`IUCR_Code`,`Primary_Description`,`Secondary_Description`) VALUES (1751,'OFFENSE INVOLVING CHILDREN','CRIM SEX ABUSE BY FAM MEMBER');
INSERT INTO `IUCR_Code_Descriptions` (`IUCR_Code`,`Primary_Description`,`Secondary_Description`) VALUES (1752,'OFFENSE INVOLVING CHILDREN','AGG CRIM SEX ABUSE FAM MEMBER');
INSERT INTO `IUCR_Code_Descriptions` (`IUCR_Code`,`Primary_Description`,`Secondary_Description`) VALUES (1753,'OFFENSE INVOLVING CHILDREN','SEX ASSLT OF CHILD BY FAM MBR');
INSERT INTO `IUCR_Code_Descriptions` (`IUCR_Code`,`Primary_Description`,`Secondary_Description`) VALUES (1754,'OFFENSE INVOLVING CHILDREN','AGG SEX ASSLT OF CHILD FAM MBR');
INSERT INTO `IUCR_Code_Descriptions` (`IUCR_Code`,`Primary_Description`,`Secondary_Description`) VALUES (1755,'OFFENSE INVOLVING CHILDREN','CHILD ABANDONMENT');
INSERT INTO `IUCR_Code_Descriptions` (`IUCR_Code`,`Primary_Description`,`Secondary_Description`) VALUES (1775,'OFFENSE INVOLVING CHILDREN','SALE OF TRAVEL TICKET TO MINOR');
INSERT INTO `IUCR_Code_Descriptions` (`IUCR_Code`,`Primary_Description`,`Secondary_Description`) VALUES (1780,'OFFENSE INVOLVING CHILDREN','OTHER OFFENSE');
INSERT INTO `IUCR_Code_Descriptions` (`IUCR_Code`,`Primary_Description`,`Secondary_Description`) VALUES (1790,'OFFENSE INVOLVING CHILDREN','CHILD ABDUCTION');
INSERT INTO `IUCR_Code_Descriptions` (`IUCR_Code`,`Primary_Description`,`Secondary_Description`) VALUES (1791,'OFFENSE INVOLVING CHILDREN','HARBOR RUNAWAY');
INSERT INTO `IUCR_Code_Descriptions` (`IUCR_Code`,`Primary_Description`,`Secondary_Description`) VALUES (1792,'KIDNAPPING','CHILD ABDUCTION/STRANGER');
INSERT INTO `IUCR_Code_Descriptions` (`IUCR_Code`,`Primary_Description`,`Secondary_Description`) VALUES (1811,'NARCOTICS','POSS: CANNABIS 30GMS OR LESS');
INSERT INTO `IUCR_Code_Descriptions` (`IUCR_Code`,`Primary_Description`,`Secondary_Description`) VALUES (1812,'NARCOTICS','POSS: CANNABIS MORE THAN 30GMS');
INSERT INTO `IUCR_Code_Descriptions` (`IUCR_Code`,`Primary_Description`,`Secondary_Description`) VALUES (1821,'NARCOTICS','MANU/DEL:CANNABIS 10GM OR LESS');
INSERT INTO `IUCR_Code_Descriptions` (`IUCR_Code`,`Primary_Description`,`Secondary_Description`) VALUES (1822,'NARCOTICS','MANU/DEL:CANNABIS OVER 10 GMS');
INSERT INTO `IUCR_Code_Descriptions` (`IUCR_Code`,`Primary_Description`,`Secondary_Description`) VALUES (1840,'NARCOTICS','DELIVER CANNABIS TO PERSON <18');
INSERT INTO `IUCR_Code_Descriptions` (`IUCR_Code`,`Primary_Description`,`Secondary_Description`) VALUES (1850,'NARCOTICS','CANNABIS PLANT');
INSERT INTO `IUCR_Code_Descriptions` (`IUCR_Code`,`Primary_Description`,`Secondary_Description`) VALUES (1860,'NARCOTICS','CALCULATED CANNABIS CONSPIRACY');
INSERT INTO `IUCR_Code_Descriptions` (`IUCR_Code`,`Primary_Description`,`Secondary_Description`) VALUES (1900,'OTHER NARCOTIC VIOLATION','INTOXICATING COMPOUNDS');
INSERT INTO `IUCR_Code_Descriptions` (`IUCR_Code`,`Primary_Description`,`Secondary_Description`) VALUES (2010,'NARCOTICS','MANU/DELIVER:AMPHETAMINES');
INSERT INTO `IUCR_Code_Descriptions` (`IUCR_Code`,`Primary_Description`,`Secondary_Description`) VALUES (2011,'NARCOTICS','MANU/DELIVER:BARBITUATES');
INSERT INTO `IUCR_Code_Descriptions` (`IUCR_Code`,`Primary_Description`,`Secondary_Description`) VALUES (2012,'NARCOTICS','MANU/DELIVER:COCAINE');
INSERT INTO `IUCR_Code_Descriptions` (`IUCR_Code`,`Primary_Description`,`Secondary_Description`) VALUES (2013,'NARCOTICS','MANU/DELIVER: HEROIN(BRN/TAN)');
INSERT INTO `IUCR_Code_Descriptions` (`IUCR_Code`,`Primary_Description`,`Secondary_Description`) VALUES (2014,'NARCOTICS','MANU/DELIVER: HEROIN (WHITE)');
INSERT INTO `IUCR_Code_Descriptions` (`IUCR_Code`,`Primary_Description`,`Secondary_Description`) VALUES (2015,'NARCOTICS','MANU/DELIVER: HALLUCINOGEN');
INSERT INTO `IUCR_Code_Descriptions` (`IUCR_Code`,`Primary_Description`,`Secondary_Description`) VALUES (2016,'NARCOTICS','MANU/DELIVER:PCP');
INSERT INTO `IUCR_Code_Descriptions` (`IUCR_Code`,`Primary_Description`,`Secondary_Description`) VALUES (2017,'NARCOTICS','MANU/DELIVER:CRACK');
INSERT INTO `IUCR_Code_Descriptions` (`IUCR_Code`,`Primary_Description`,`Secondary_Description`) VALUES (2018,'NARCOTICS','MANU/DELIVER:SYNTHETIC DRUGS');
INSERT INTO `IUCR_Code_Descriptions` (`IUCR_Code`,`Primary_Description`,`Secondary_Description`) VALUES (2019,'NARCOTICS','MANU/DELIVER:HEROIN(BLACK TAR)');
INSERT INTO `IUCR_Code_Descriptions` (`IUCR_Code`,`Primary_Description`,`Secondary_Description`) VALUES (2020,'NARCOTICS','POSS: AMPHETAMINES');
INSERT INTO `IUCR_Code_Descriptions` (`IUCR_Code`,`Primary_Description`,`Secondary_Description`) VALUES (2021,'NARCOTICS','POSS: BARBITUATES');
INSERT INTO `IUCR_Code_Descriptions` (`IUCR_Code`,`Primary_Description`,`Secondary_Description`) VALUES (2022,'NARCOTICS','POSS: COCAINE');
INSERT INTO `IUCR_Code_Descriptions` (`IUCR_Code`,`Primary_Description`,`Secondary_Description`) VALUES (2023,'NARCOTICS','POSS: HEROIN(BRN/TAN)');
INSERT INTO `IUCR_Code_Descriptions` (`IUCR_Code`,`Primary_Description`,`Secondary_Description`) VALUES (2024,'NARCOTICS','POSS: HEROIN(WHITE)');
INSERT INTO `IUCR_Code_Descriptions` (`IUCR_Code`,`Primary_Description`,`Secondary_Description`) VALUES (2025,'NARCOTICS','POSS: HALLUCINOGENS');
INSERT INTO `IUCR_Code_Descriptions` (`IUCR_Code`,`Primary_Description`,`Secondary_Description`) VALUES (2026,'NARCOTICS','POSS: PCP');
INSERT INTO `IUCR_Code_Descriptions` (`IUCR_Code`,`Primary_Description`,`Secondary_Description`) VALUES (2027,'NARCOTICS','POSS: CRACK');
INSERT INTO `IUCR_Code_Descriptions` (`IUCR_Code`,`Primary_Description`,`Secondary_Description`) VALUES (2028,'NARCOTICS','POSS: SYNTHETIC DRUGS');
INSERT INTO `IUCR_Code_Descriptions` (`IUCR_Code`,`Primary_Description`,`Secondary_Description`) VALUES (2029,'NARCOTICS','POSS: HEROIN(BLACK TAR)');
INSERT INTO `IUCR_Code_Descriptions` (`IUCR_Code`,`Primary_Description`,`Secondary_Description`) VALUES (2030,'NARCOTICS','MANU/DELIVER:LOOK-ALIKE DRUG');
INSERT INTO `IUCR_Code_Descriptions` (`IUCR_Code`,`Primary_Description`,`Secondary_Description`) VALUES (2031,'NARCOTICS','POSS: METHAMPHETAMINES');
INSERT INTO `IUCR_Code_Descriptions` (`IUCR_Code`,`Primary_Description`,`Secondary_Description`) VALUES (2032,'NARCOTICS','MANU/DELIVER: METHAMPHETAMINES');
INSERT INTO `IUCR_Code_Descriptions` (`IUCR_Code`,`Primary_Description`,`Secondary_Description`) VALUES (2033,'NARCOTICS','MANU/POSS. W/INTENT TO DELIVER: SYNTHETIC MARIJUANA');
INSERT INTO `IUCR_Code_Descriptions` (`IUCR_Code`,`Primary_Description`,`Secondary_Description`) VALUES (2034,'NARCOTICS','POSSESSION: SYNTHETIC MARIJUANA');
INSERT INTO `IUCR_Code_Descriptions` (`IUCR_Code`,`Primary_Description`,`Secondary_Description`) VALUES (2040,'NARCOTICS','POSS: LOOK-ALIKE DRUGS');
INSERT INTO `IUCR_Code_Descriptions` (`IUCR_Code`,`Primary_Description`,`Secondary_Description`) VALUES (2050,'NARCOTICS','CRIMINAL DRUG CONSPIRACY');
INSERT INTO `IUCR_Code_Descriptions` (`IUCR_Code`,`Primary_Description`,`Secondary_Description`) VALUES (2060,'NARCOTICS','FAIL REGISTER LIC:CONT SUBS');
INSERT INTO `IUCR_Code_Descriptions` (`IUCR_Code`,`Primary_Description`,`Secondary_Description`) VALUES (2070,'NARCOTICS','DEL CONT SUBS TO PERSON <18');
INSERT INTO `IUCR_Code_Descriptions` (`IUCR_Code`,`Primary_Description`,`Secondary_Description`) VALUES (2080,'NARCOTICS','CONT SUBS:FAIL TO MAINT RECORD');
INSERT INTO `IUCR_Code_Descriptions` (`IUCR_Code`,`Primary_Description`,`Secondary_Description`) VALUES (2090,'NARCOTICS','ALTER/FORGE PRESCRIPTION');
INSERT INTO `IUCR_Code_Descriptions` (`IUCR_Code`,`Primary_Description`,`Secondary_Description`) VALUES (2091,'NARCOTICS','FORFEIT PROPERTY');
INSERT INTO `IUCR_Code_Descriptions` (`IUCR_Code`,`Primary_Description`,`Secondary_Description`) VALUES (2092,'NARCOTICS','SOLICIT NARCOTICS ON PUBLICWAY');
INSERT INTO `IUCR_Code_Descriptions` (`IUCR_Code`,`Primary_Description`,`Secondary_Description`) VALUES (2093,'NARCOTICS','FOUND SUSPECT NARCOTICS');
INSERT INTO `IUCR_Code_Descriptions` (`IUCR_Code`,`Primary_Description`,`Secondary_Description`) VALUES (2094,'NARCOTICS','ATTEMPT POSSESSION CANNABIS');
INSERT INTO `IUCR_Code_Descriptions` (`IUCR_Code`,`Primary_Description`,`Secondary_Description`) VALUES (2095,'NARCOTICS','ATTEMPT POSSESSION NARCOTICS');
INSERT INTO `IUCR_Code_Descriptions` (`IUCR_Code`,`Primary_Description`,`Secondary_Description`) VALUES (2110,'NARCOTICS','POS: HYPODERMIC NEEDLE');
INSERT INTO `IUCR_Code_Descriptions` (`IUCR_Code`,`Primary_Description`,`Secondary_Description`) VALUES (2111,'NARCOTICS','SALE/DEL HYPODERMIC NEEDLE');
INSERT INTO `IUCR_Code_Descriptions` (`IUCR_Code`,`Primary_Description`,`Secondary_Description`) VALUES (2120,'NARCOTICS','FAILURE TO KEEP HYPO RECORDS');
INSERT INTO `IUCR_Code_Descriptions` (`IUCR_Code`,`Primary_Description`,`Secondary_Description`) VALUES (2160,'NARCOTICS','SALE/DEL DRUG PARAPHERNALIA');
INSERT INTO `IUCR_Code_Descriptions` (`IUCR_Code`,`Primary_Description`,`Secondary_Description`) VALUES (2170,'NARCOTICS','POSSESSION OF DRUG EQUIPMENT');
INSERT INTO `IUCR_Code_Descriptions` (`IUCR_Code`,`Primary_Description`,`Secondary_Description`) VALUES (2210,'LIQUOR LAW VIOLATION','SELL/GIVE/DEL LIQUOR TO MINOR');
INSERT INTO `IUCR_Code_Descriptions` (`IUCR_Code`,`Primary_Description`,`Secondary_Description`) VALUES (2220,'LIQUOR LAW VIOLATION','ILLEGAL POSSESSION BY MINOR');
INSERT INTO `IUCR_Code_Descriptions` (`IUCR_Code`,`Primary_Description`,`Secondary_Description`) VALUES (2230,'LIQUOR LAW VIOLATION','ILLEGAL CONSUMPTION BY MINOR');
INSERT INTO `IUCR_Code_Descriptions` (`IUCR_Code`,`Primary_Description`,`Secondary_Description`) VALUES (2240,'LIQUOR LAW VIOLATION','MINOR MISREPRESENT AGE');
INSERT INTO `IUCR_Code_Descriptions` (`IUCR_Code`,`Primary_Description`,`Secondary_Description`) VALUES (2250,'LIQUOR LAW VIOLATION','LIQUOR LICENSE VIOLATION');
INSERT INTO `IUCR_Code_Descriptions` (`IUCR_Code`,`Primary_Description`,`Secondary_Description`) VALUES (2251,'LIQUOR LAW VIOLATION','EMPLOY MINOR');
INSERT INTO `IUCR_Code_Descriptions` (`IUCR_Code`,`Primary_Description`,`Secondary_Description`) VALUES (2500,'CRIMINAL ABORTION','CRIMINAL ABORTION');
INSERT INTO `IUCR_Code_Descriptions` (`IUCR_Code`,`Primary_Description`,`Secondary_Description`) VALUES (2820,'OTHER OFFENSE','TELEPHONE THREAT');
INSERT INTO `IUCR_Code_Descriptions` (`IUCR_Code`,`Primary_Description`,`Secondary_Description`) VALUES (2825,'OTHER OFFENSE','HARASSMENT BY TELEPHONE');
INSERT INTO `IUCR_Code_Descriptions` (`IUCR_Code`,`Primary_Description`,`Secondary_Description`) VALUES (2826,'OTHER OFFENSE','HARASSMENT BY ELECTRONIC MEANS');
INSERT INTO `IUCR_Code_Descriptions` (`IUCR_Code`,`Primary_Description`,`Secondary_Description`) VALUES (2830,'OTHER OFFENSE','OBSCENE TELEPHONE CALLS');
INSERT INTO `IUCR_Code_Descriptions` (`IUCR_Code`,`Primary_Description`,`Secondary_Description`) VALUES (2840,'PUBLIC PEACE VIOLATION','FALSE FIRE ALARM');
INSERT INTO `IUCR_Code_Descriptions` (`IUCR_Code`,`Primary_Description`,`Secondary_Description`) VALUES (2850,'PUBLIC PEACE VIOLATION','BOMB THREAT');
INSERT INTO `IUCR_Code_Descriptions` (`IUCR_Code`,`Primary_Description`,`Secondary_Description`) VALUES (2851,'PUBLIC PEACE VIOLATION','ARSON THREAT');
INSERT INTO `IUCR_Code_Descriptions` (`IUCR_Code`,`Primary_Description`,`Secondary_Description`) VALUES (2860,'PUBLIC PEACE VIOLATION','FALSE POLICE REPORT');
INSERT INTO `IUCR_Code_Descriptions` (`IUCR_Code`,`Primary_Description`,`Secondary_Description`) VALUES (2870,'PUBLIC PEACE VIOLATION','PEEPING TOM');
INSERT INTO `IUCR_Code_Descriptions` (`IUCR_Code`,`Primary_Description`,`Secondary_Description`) VALUES (2890,'PUBLIC PEACE VIOLATION','OTHER VIOLATION');
INSERT INTO `IUCR_Code_Descriptions` (`IUCR_Code`,`Primary_Description`,`Secondary_Description`) VALUES (2895,'PUBLIC PEACE VIOLATION','INTERFERE W/ EMERGENCY EQUIP');
INSERT INTO `IUCR_Code_Descriptions` (`IUCR_Code`,`Primary_Description`,`Secondary_Description`) VALUES (2900,'WEAPONS VIOLATION','UNLAWFUL USE/SALE AIR RIFLE');
INSERT INTO `IUCR_Code_Descriptions` (`IUCR_Code`,`Primary_Description`,`Secondary_Description`) VALUES (3000,'PUBLIC PEACE VIOLATION','SELL/ADVERTISE FIREWORKS');
INSERT INTO `IUCR_Code_Descriptions` (`IUCR_Code`,`Primary_Description`,`Secondary_Description`) VALUES (3100,'PUBLIC PEACE VIOLATION','MOB ACTION');
INSERT INTO `IUCR_Code_Descriptions` (`IUCR_Code`,`Primary_Description`,`Secondary_Description`) VALUES (3200,'PUBLIC PEACE VIOLATION','ARMED VIOLENCE');
INSERT INTO `IUCR_Code_Descriptions` (`IUCR_Code`,`Primary_Description`,`Secondary_Description`) VALUES (3300,'PUBLIC PEACE VIOLATION','PUBLIC DEMONSTRATION');
INSERT INTO `IUCR_Code_Descriptions` (`IUCR_Code`,`Primary_Description`,`Secondary_Description`) VALUES (3400,'PUBLIC PEACE VIOLATION','LOOTING');
INSERT INTO `IUCR_Code_Descriptions` (`IUCR_Code`,`Primary_Description`,`Secondary_Description`) VALUES (3610,'OTHER OFFENSE','INTERFERE W/ HIGHER EDUCATION');
INSERT INTO `IUCR_Code_Descriptions` (`IUCR_Code`,`Primary_Description`,`Secondary_Description`) VALUES (3710,'INTERFERENCE WITH PUBLIC OFFICER','RESIST/OBSTRUCT/DISARM OFFICER');
INSERT INTO `IUCR_Code_Descriptions` (`IUCR_Code`,`Primary_Description`,`Secondary_Description`) VALUES (3720,'INTERFERENCE WITH PUBLIC OFFICER','REFUSING TO AID AN OFFICER');
INSERT INTO `IUCR_Code_Descriptions` (`IUCR_Code`,`Primary_Description`,`Secondary_Description`) VALUES (3730,'INTERFERENCE WITH PUBLIC OFFICER','OBSTRUCTING JUSTICE');
INSERT INTO `IUCR_Code_Descriptions` (`IUCR_Code`,`Primary_Description`,`Secondary_Description`) VALUES (3731,'INTERFERENCE WITH PUBLIC OFFICER','OBSTRUCTING IDENTIFICATION');
INSERT INTO `IUCR_Code_Descriptions` (`IUCR_Code`,`Primary_Description`,`Secondary_Description`) VALUES (3740,'INTERFERENCE WITH PUBLIC OFFICER','CONCEALING/AIDING A FUGITIVE');
INSERT INTO `IUCR_Code_Descriptions` (`IUCR_Code`,`Primary_Description`,`Secondary_Description`) VALUES (3750,'INTERFERENCE WITH PUBLIC OFFICER','ESCAPE');
INSERT INTO `IUCR_Code_Descriptions` (`IUCR_Code`,`Primary_Description`,`Secondary_Description`) VALUES (3751,'INTERFERENCE WITH PUBLIC OFFICER','AIDING ARRESTEE ESCAPE');
INSERT INTO `IUCR_Code_Descriptions` (`IUCR_Code`,`Primary_Description`,`Secondary_Description`) VALUES (3760,'INTERFERENCE WITH PUBLIC OFFICER','OBSTRUCTING SERVICE');
INSERT INTO `IUCR_Code_Descriptions` (`IUCR_Code`,`Primary_Description`,`Secondary_Description`) VALUES (3770,'INTERFERENCE WITH PUBLIC OFFICER','CONTRABAND IN PRISON');
INSERT INTO `IUCR_Code_Descriptions` (`IUCR_Code`,`Primary_Description`,`Secondary_Description`) VALUES (3800,'INTERFERENCE WITH PUBLIC OFFICER','INTERFERENCE JUDICIAL PROCESS');
INSERT INTO `IUCR_Code_Descriptions` (`IUCR_Code`,`Primary_Description`,`Secondary_Description`) VALUES (3910,'INTERFERENCE WITH PUBLIC OFFICER','BRIBERY');
INSERT INTO `IUCR_Code_Descriptions` (`IUCR_Code`,`Primary_Description`,`Secondary_Description`) VALUES (3920,'INTERFERENCE WITH PUBLIC OFFICER','OFFICIAL MISCONDUCT');
INSERT INTO `IUCR_Code_Descriptions` (`IUCR_Code`,`Primary_Description`,`Secondary_Description`) VALUES (3960,'INTIMIDATION','INTIMIDATION');
INSERT INTO `IUCR_Code_Descriptions` (`IUCR_Code`,`Primary_Description`,`Secondary_Description`) VALUES (3966,'INTIMIDATION','EDUCATIONAL INTIMIDAITON');
INSERT INTO `IUCR_Code_Descriptions` (`IUCR_Code`,`Primary_Description`,`Secondary_Description`) VALUES (3970,'INTIMIDATION','EXTORTION');
INSERT INTO `IUCR_Code_Descriptions` (`IUCR_Code`,`Primary_Description`,`Secondary_Description`) VALUES (3975,'INTIMIDATION','COMPELLING ORG MEMBERSHIP');
INSERT INTO `IUCR_Code_Descriptions` (`IUCR_Code`,`Primary_Description`,`Secondary_Description`) VALUES (3980,'INTIMIDATION','COMPELLING CONFESSION');
INSERT INTO `IUCR_Code_Descriptions` (`IUCR_Code`,`Primary_Description`,`Secondary_Description`) VALUES (4210,'KIDNAPPING','KIDNAPPING');
INSERT INTO `IUCR_Code_Descriptions` (`IUCR_Code`,`Primary_Description`,`Secondary_Description`) VALUES (4220,'KIDNAPPING','AGGRAVATED');
INSERT INTO `IUCR_Code_Descriptions` (`IUCR_Code`,`Primary_Description`,`Secondary_Description`) VALUES (4230,'KIDNAPPING','UNLAWFUL RESTRAINT');
INSERT INTO `IUCR_Code_Descriptions` (`IUCR_Code`,`Primary_Description`,`Secondary_Description`) VALUES (4240,'KIDNAPPING','FORCIBLE DETENTION');
INSERT INTO `IUCR_Code_Descriptions` (`IUCR_Code`,`Primary_Description`,`Secondary_Description`) VALUES (4255,'KIDNAPPING','UNLAWFUL INTERFERE/VISITATION');
INSERT INTO `IUCR_Code_Descriptions` (`IUCR_Code`,`Primary_Description`,`Secondary_Description`) VALUES (4310,'OTHER OFFENSE','POSSESSION OF BURGLARY TOOLS');
INSERT INTO `IUCR_Code_Descriptions` (`IUCR_Code`,`Primary_Description`,`Secondary_Description`) VALUES (4386,'OTHER OFFENSE','VIOLATION OF CIVIL NO CONTACT ORDER');
INSERT INTO `IUCR_Code_Descriptions` (`IUCR_Code`,`Primary_Description`,`Secondary_Description`) VALUES (4387,'OTHER OFFENSE','VIOLATE ORDER OF PROTECTION');
INSERT INTO `IUCR_Code_Descriptions` (`IUCR_Code`,`Primary_Description`,`Secondary_Description`) VALUES (4388,'OTHER OFFENSE','VIO BAIL BOND: DOM VIOLENCE');
INSERT INTO `IUCR_Code_Descriptions` (`IUCR_Code`,`Primary_Description`,`Secondary_Description`) VALUES (4389,'OTHER OFFENSE ','VIOLATION GPS MONITORING DEVICE ');
INSERT INTO `IUCR_Code_Descriptions` (`IUCR_Code`,`Primary_Description`,`Secondary_Description`) VALUES (4410,'OTHER OFFENSE','DESTRUCTION OF DRAFT CARD');
INSERT INTO `IUCR_Code_Descriptions` (`IUCR_Code`,`Primary_Description`,`Secondary_Description`) VALUES (4420,'OTHER OFFENSE','CRIMINAL FORTIFICATION');
INSERT INTO `IUCR_Code_Descriptions` (`IUCR_Code`,`Primary_Description`,`Secondary_Description`) VALUES (4510,'OTHER OFFENSE','PROBATION VIOLATION');
INSERT INTO `IUCR_Code_Descriptions` (`IUCR_Code`,`Primary_Description`,`Secondary_Description`) VALUES (4625,'OTHER OFFENSE','PAROLE VIOLATION');
INSERT INTO `IUCR_Code_Descriptions` (`IUCR_Code`,`Primary_Description`,`Secondary_Description`) VALUES (4650,'OTHER OFFENSE','SEX OFFENDER: FAIL TO REGISTER');
INSERT INTO `IUCR_Code_Descriptions` (`IUCR_Code`,`Primary_Description`,`Secondary_Description`) VALUES (4651,'OTHER OFFENSE','SEX OFFENDER: FAIL REG NEW ADD');
INSERT INTO `IUCR_Code_Descriptions` (`IUCR_Code`,`Primary_Description`,`Secondary_Description`) VALUES (4652,'OTHER OFFENSE','SEX OFFENDER: PROHIBITED ZONE');
INSERT INTO `IUCR_Code_Descriptions` (`IUCR_Code`,`Primary_Description`,`Secondary_Description`) VALUES (4740,'OTHER OFFENSE','UNLAWFUL USE OF BODY ARMOR');
INSERT INTO `IUCR_Code_Descriptions` (`IUCR_Code`,`Primary_Description`,`Secondary_Description`) VALUES (4750,'OTHER OFFENSE','DISCLOSE DV VICTIM LOCATION');
INSERT INTO `IUCR_Code_Descriptions` (`IUCR_Code`,`Primary_Description`,`Secondary_Description`) VALUES (4800,'OTHER OFFENSE','MONEY LAUNDERING');
INSERT INTO `IUCR_Code_Descriptions` (`IUCR_Code`,`Primary_Description`,`Secondary_Description`) VALUES (4810,'OTHER OFFENSE','COMPOUNDING A CRIME');
INSERT INTO `IUCR_Code_Descriptions` (`IUCR_Code`,`Primary_Description`,`Secondary_Description`) VALUES (4860,'OTHER OFFENSE','BOARD PLANE WITH WEAPON');
INSERT INTO `IUCR_Code_Descriptions` (`IUCR_Code`,`Primary_Description`,`Secondary_Description`) VALUES (5000,'OTHER OFFENSE','OTHER CRIME AGAINST PERSON');
INSERT INTO `IUCR_Code_Descriptions` (`IUCR_Code`,`Primary_Description`,`Secondary_Description`) VALUES (5001,'OTHER OFFENSE','OTHER CRIME INVOLVING PROPERTY');
INSERT INTO `IUCR_Code_Descriptions` (`IUCR_Code`,`Primary_Description`,`Secondary_Description`) VALUES (5002,'OTHER OFFENSE','OTHER VEHICLE OFFENSE');
INSERT INTO `IUCR_Code_Descriptions` (`IUCR_Code`,`Primary_Description`,`Secondary_Description`) VALUES (5003,'OTHER OFFENSE','OTHER ARSON/EXPLOSIVE INCIDENT');
INSERT INTO `IUCR_Code_Descriptions` (`IUCR_Code`,`Primary_Description`,`Secondary_Description`) VALUES (5004,'SEX OFFENSE','ATT CRIM SEXUAL ABUSE');
INSERT INTO `IUCR_Code_Descriptions` (`IUCR_Code`,`Primary_Description`,`Secondary_Description`) VALUES (5007,'OTHER OFFENSE','OTHER WEAPONS VIOLATION');
INSERT INTO `IUCR_Code_Descriptions` (`IUCR_Code`,`Primary_Description`,`Secondary_Description`) VALUES (5008,'OTHER OFFENSE','FIREARM REGISTRATION VIOLATION');
INSERT INTO `IUCR_Code_Descriptions` (`IUCR_Code`,`Primary_Description`,`Secondary_Description`) VALUES (5009,'OTHER OFFENSE','VIOLATION OF SMOKING BAN');
INSERT INTO `IUCR_Code_Descriptions` (`IUCR_Code`,`Primary_Description`,`Secondary_Description`) VALUES (5011,'OTHER OFFENSE','LICENSE VIOLATION');
INSERT INTO `IUCR_Code_Descriptions` (`IUCR_Code`,`Primary_Description`,`Secondary_Description`) VALUES (5073,'NON-CRIMINAL (SUBJECT SPECIFIED)','NOTIFICATION OF CIVIL NO CONTACT ORDER');
INSERT INTO `IUCR_Code_Descriptions` (`IUCR_Code`,`Primary_Description`,`Secondary_Description`) VALUES (5093,'NON-CRIMINAL','LOST PASSPORT');
INSERT INTO `IUCR_Code_Descriptions` (`IUCR_Code`,`Primary_Description`,`Secondary_Description`) VALUES (5094,'NON-CRIMINAL','FOUND PASSPORT');
INSERT INTO `IUCR_Code_Descriptions` (`IUCR_Code`,`Primary_Description`,`Secondary_Description`) VALUES (5110,'OTHER OFFENSE','GUN OFFENDER: DUTY TO REGISTER');
INSERT INTO `IUCR_Code_Descriptions` (`IUCR_Code`,`Primary_Description`,`Secondary_Description`) VALUES (5111,'OTHER OFFENSE','GUN OFFENDER: ANNUAL REGISTRATION');
INSERT INTO `IUCR_Code_Descriptions` (`IUCR_Code`,`Primary_Description`,`Secondary_Description`) VALUES (5112,'OTHER OFFENSE','GUN OFFENDER: DUTY TO REPORT CHANGE OF INFORMATION');
INSERT INTO `IUCR_Code_Descriptions` (`IUCR_Code`,`Primary_Description`,`Secondary_Description`) VALUES (5113,'NON-CRIMINAL','GUN OFFENDER NOTIFICATION-NO CONTACT');
INSERT INTO `IUCR_Code_Descriptions` (`IUCR_Code`,`Primary_Description`,`Secondary_Description`) VALUES (5114,'NON-CRIMINAL','FOID - REVOCATION');
INSERT INTO `IUCR_Code_Descriptions` (`IUCR_Code`,`Primary_Description`,`Secondary_Description`) VALUES (5120,'OTHER OFFENSE','ARSONIST: DUTY TO REGISTER');
INSERT INTO `IUCR_Code_Descriptions` (`IUCR_Code`,`Primary_Description`,`Secondary_Description`) VALUES (5121,'OTHER OFFENSE','ARSONIST: ANNUAL REGISTRATION');
INSERT INTO `IUCR_Code_Descriptions` (`IUCR_Code`,`Primary_Description`,`Secondary_Description`) VALUES (5122,'OTHER OFFENSE','ARSONIST: FAIL TO REGISTER NEW ADDRESS');
INSERT INTO `IUCR_Code_Descriptions` (`IUCR_Code`,`Primary_Description`,`Secondary_Description`) VALUES (5130,'OTHER OFFENSE','VIOLENT OFFENDER: DUTY TO REGISTER');
INSERT INTO `IUCR_Code_Descriptions` (`IUCR_Code`,`Primary_Description`,`Secondary_Description`) VALUES (5131,'OTHER OFFENSE','VIOLENT OFFENDER: ANNUAL REGISTRATION');
INSERT INTO `IUCR_Code_Descriptions` (`IUCR_Code`,`Primary_Description`,`Secondary_Description`) VALUES (5132,'OTHER OFFENSE','VIOLENT OFFENDER: FAIL TO REGISTER NEW ADDRESS');

# INSERT INTO CRIME_TYPES TABLE #

INSERT INTO `Crime_Types` (`Crime_ID`,`Crime_Category`,`Crime_Rating`) VALUES (1,'ARSON',3);
INSERT INTO `Crime_Types` (`Crime_ID`,`Crime_Category`,`Crime_Rating`) VALUES (2,'ASSAULT',4);
INSERT INTO `Crime_Types` (`Crime_ID`,`Crime_Category`,`Crime_Rating`) VALUES (3,'BATTERY',4);
INSERT INTO `Crime_Types` (`Crime_ID`,`Crime_Category`,`Crime_Rating`) VALUES (4,'BURGLARY',2);
INSERT INTO `Crime_Types` (`Crime_ID`,`Crime_Category`,`Crime_Rating`) VALUES (5,'CONCEALED CARRY LICENSE VIOLATION',2);
INSERT INTO `Crime_Types` (`Crime_ID`,`Crime_Category`,`Crime_Rating`) VALUES (6,'CRIM SEXUAL ASSAULT',3);
INSERT INTO `Crime_Types` (`Crime_ID`,`Crime_Category`,`Crime_Rating`) VALUES (7,'CRIMINAL DAMAGE',1);
INSERT INTO `Crime_Types` (`Crime_ID`,`Crime_Category`,`Crime_Rating`) VALUES (8,'CRIMINAL TRESPASS',2);
INSERT INTO `Crime_Types` (`Crime_ID`,`Crime_Category`,`Crime_Rating`) VALUES (9,'DECEPTIVE PRACTICE',1);
INSERT INTO `Crime_Types` (`Crime_ID`,`Crime_Category`,`Crime_Rating`) VALUES (10,'GAMBLING',1);
INSERT INTO `Crime_Types` (`Crime_ID`,`Crime_Category`,`Crime_Rating`) VALUES (11,'HOMICIDE',4);
INSERT INTO `Crime_Types` (`Crime_ID`,`Crime_Category`,`Crime_Rating`) VALUES (12,'HUMAN TRAFFICKING',4);
INSERT INTO `Crime_Types` (`Crime_ID`,`Crime_Category`,`Crime_Rating`) VALUES (13,'INTERFERENCE WITH PUBLIC OFFICER',2);
INSERT INTO `Crime_Types` (`Crime_ID`,`Crime_Category`,`Crime_Rating`) VALUES (14,'INTIMIDATION',1);
INSERT INTO `Crime_Types` (`Crime_ID`,`Crime_Category`,`Crime_Rating`) VALUES (15,'KIDNAPPING',4);
INSERT INTO `Crime_Types` (`Crime_ID`,`Crime_Category`,`Crime_Rating`) VALUES (16,'LIQUOR LAW VIOLATION',1);
INSERT INTO `Crime_Types` (`Crime_ID`,`Crime_Category`,`Crime_Rating`) VALUES (17,'MOTOR VEHICLE THEFT',2);
INSERT INTO `Crime_Types` (`Crime_ID`,`Crime_Category`,`Crime_Rating`) VALUES (18,'NARCOTICS',2);
INSERT INTO `Crime_Types` (`Crime_ID`,`Crime_Category`,`Crime_Rating`) VALUES (19,'NON - CRIMINAL',1);
INSERT INTO `Crime_Types` (`Crime_ID`,`Crime_Category`,`Crime_Rating`) VALUES (20,'OBSCENITY',1);
INSERT INTO `Crime_Types` (`Crime_ID`,`Crime_Category`,`Crime_Rating`) VALUES (21,'OFFENSE INVOLVING CHILDREN',4);
INSERT INTO `Crime_Types` (`Crime_ID`,`Crime_Category`,`Crime_Rating`) VALUES (22,'OTHER NARCOTIC VIOLATION',2);
INSERT INTO `Crime_Types` (`Crime_ID`,`Crime_Category`,`Crime_Rating`) VALUES (23,'OTHER OFFENSE',1);
INSERT INTO `Crime_Types` (`Crime_ID`,`Crime_Category`,`Crime_Rating`) VALUES (24,'PROSTITUTION',1);
INSERT INTO `Crime_Types` (`Crime_ID`,`Crime_Category`,`Crime_Rating`) VALUES (25,'PUBLIC INDECENCY',1);
INSERT INTO `Crime_Types` (`Crime_ID`,`Crime_Category`,`Crime_Rating`) VALUES (26,'PUBLIC PEACE VIOLATION',1);
INSERT INTO `Crime_Types` (`Crime_ID`,`Crime_Category`,`Crime_Rating`) VALUES (27,'ROBBERY',2);
INSERT INTO `Crime_Types` (`Crime_ID`,`Crime_Category`,`Crime_Rating`) VALUES (28,'SEX OFFENSE',2);
INSERT INTO `Crime_Types` (`Crime_ID`,`Crime_Category`,`Crime_Rating`) VALUES (29,'STALKING',1);
INSERT INTO `Crime_Types` (`Crime_ID`,`Crime_Category`,`Crime_Rating`) VALUES (30,'THEFT',2);
INSERT INTO `Crime_Types` (`Crime_ID`,`Crime_Category`,`Crime_Rating`) VALUES (31,'WEAPONS VIOLATION',2);

# INSERT INTO ZIPCODE_DEMOGRAPHICS TABLE #

INSERT INTO `Zipcode_Demographics` (`Zipcode`,`Population_2020`,`Median_HH_Income_2020`,`Median_Age_2020`,`Percent_HH_Below_Poverty_Level`,`Percent_White_Population`,`Percent_Black_Population`,`Percent_Asian_Population`,`Percent_Other_Race_Population`) VALUES (60601,14941,121564,35,0.07,0.63,0.06,0.26,0.06);
INSERT INTO `Zipcode_Demographics` (`Zipcode`,`Population_2020`,`Median_HH_Income_2020`,`Median_Age_2020`,`Percent_HH_Below_Poverty_Level`,`Percent_White_Population`,`Percent_Black_Population`,`Percent_Asian_Population`,`Percent_Other_Race_Population`) VALUES (60602,1207,116547,44,0.03,0.68,0.07,0.20,0.05);
INSERT INTO `Zipcode_Demographics` (`Zipcode`,`Population_2020`,`Median_HH_Income_2020`,`Median_Age_2020`,`Percent_HH_Below_Poverty_Level`,`Percent_White_Population`,`Percent_Black_Population`,`Percent_Asian_Population`,`Percent_Other_Race_Population`) VALUES (60603,785,123633,27,0.13,0.65,0.10,0.19,0.07);
INSERT INTO `Zipcode_Demographics` (`Zipcode`,`Population_2020`,`Median_HH_Income_2020`,`Median_Age_2020`,`Percent_HH_Below_Poverty_Level`,`Percent_White_Population`,`Percent_Black_Population`,`Percent_Asian_Population`,`Percent_Other_Race_Population`) VALUES (60604,715,126609,24,0.17,0.66,0.12,0.14,0.07);
INSERT INTO `Zipcode_Demographics` (`Zipcode`,`Population_2020`,`Median_HH_Income_2020`,`Median_Age_2020`,`Percent_HH_Below_Poverty_Level`,`Percent_White_Population`,`Percent_Black_Population`,`Percent_Asian_Population`,`Percent_Other_Race_Population`) VALUES (60605,33680,108171,35,0.08,0.59,0.15,0.20,0.06);
INSERT INTO `Zipcode_Demographics` (`Zipcode`,`Population_2020`,`Median_HH_Income_2020`,`Median_Age_2020`,`Percent_HH_Below_Poverty_Level`,`Percent_White_Population`,`Percent_Black_Population`,`Percent_Asian_Population`,`Percent_Other_Race_Population`) VALUES (60606,2436,111146,32,0.07,0.66,0.05,0.24,0.05);
INSERT INTO `Zipcode_Demographics` (`Zipcode`,`Population_2020`,`Median_HH_Income_2020`,`Median_Age_2020`,`Percent_HH_Below_Poverty_Level`,`Percent_White_Population`,`Percent_Black_Population`,`Percent_Asian_Population`,`Percent_Other_Race_Population`) VALUES (60607,24814,111779,34,0.17,0.59,0.15,0.21,0.06);
INSERT INTO `Zipcode_Demographics` (`Zipcode`,`Population_2020`,`Median_HH_Income_2020`,`Median_Age_2020`,`Percent_HH_Below_Poverty_Level`,`Percent_White_Population`,`Percent_Black_Population`,`Percent_Asian_Population`,`Percent_Other_Race_Population`) VALUES (60608,76480,43122,32,0.20,0.41,0.09,0.12,0.38);
INSERT INTO `Zipcode_Demographics` (`Zipcode`,`Population_2020`,`Median_HH_Income_2020`,`Median_Age_2020`,`Percent_HH_Below_Poverty_Level`,`Percent_White_Population`,`Percent_Black_Population`,`Percent_Asian_Population`,`Percent_Other_Race_Population`) VALUES (60609,65662,37796,30,0.26,0.37,0.25,0.05,0.34);
INSERT INTO `Zipcode_Demographics` (`Zipcode`,`Population_2020`,`Median_HH_Income_2020`,`Median_Age_2020`,`Percent_HH_Below_Poverty_Level`,`Percent_White_Population`,`Percent_Black_Population`,`Percent_Asian_Population`,`Percent_Other_Race_Population`) VALUES (60610,43163,89671,37,0.12,0.70,0.17,0.09,0.04);
INSERT INTO `Zipcode_Demographics` (`Zipcode`,`Population_2020`,`Median_HH_Income_2020`,`Median_Age_2020`,`Percent_HH_Below_Poverty_Level`,`Percent_White_Population`,`Percent_Black_Population`,`Percent_Asian_Population`,`Percent_Other_Race_Population`) VALUES (60611,34836,116097,40,0.09,0.73,0.04,0.19,0.04);
INSERT INTO `Zipcode_Demographics` (`Zipcode`,`Population_2020`,`Median_HH_Income_2020`,`Median_Age_2020`,`Percent_HH_Below_Poverty_Level`,`Percent_White_Population`,`Percent_Black_Population`,`Percent_Asian_Population`,`Percent_Other_Race_Population`) VALUES (60612,34508,45002,33,0.28,0.24,0.59,0.06,0.10);
INSERT INTO `Zipcode_Demographics` (`Zipcode`,`Population_2020`,`Median_HH_Income_2020`,`Median_Age_2020`,`Percent_HH_Below_Poverty_Level`,`Percent_White_Population`,`Percent_Black_Population`,`Percent_Asian_Population`,`Percent_Other_Race_Population`) VALUES (60613,49755,86526,34,0.09,0.78,0.07,0.08,0.08);
INSERT INTO `Zipcode_Demographics` (`Zipcode`,`Population_2020`,`Median_HH_Income_2020`,`Median_Age_2020`,`Percent_HH_Below_Poverty_Level`,`Percent_White_Population`,`Percent_Black_Population`,`Percent_Asian_Population`,`Percent_Other_Race_Population`) VALUES (60614,66395,112598,32,0.09,0.84,0.04,0.07,0.05);
INSERT INTO `Zipcode_Demographics` (`Zipcode`,`Population_2020`,`Median_HH_Income_2020`,`Median_Age_2020`,`Percent_HH_Below_Poverty_Level`,`Percent_White_Population`,`Percent_Black_Population`,`Percent_Asian_Population`,`Percent_Other_Race_Population`) VALUES (60615,42890,48632,36,0.23,0.26,0.59,0.09,0.06);
INSERT INTO `Zipcode_Demographics` (`Zipcode`,`Population_2020`,`Median_HH_Income_2020`,`Median_Age_2020`,`Percent_HH_Below_Poverty_Level`,`Percent_White_Population`,`Percent_Black_Population`,`Percent_Asian_Population`,`Percent_Other_Race_Population`) VALUES (60616,54540,48618,39,0.23,0.25,0.28,0.41,0.07);
INSERT INTO `Zipcode_Demographics` (`Zipcode`,`Population_2020`,`Median_HH_Income_2020`,`Median_Age_2020`,`Percent_HH_Below_Poverty_Level`,`Percent_White_Population`,`Percent_Black_Population`,`Percent_Asian_Population`,`Percent_Other_Race_Population`) VALUES (60617,81340,41988,36,0.22,0.24,0.53,0.00,0.23);
INSERT INTO `Zipcode_Demographics` (`Zipcode`,`Population_2020`,`Median_HH_Income_2020`,`Median_Age_2020`,`Percent_HH_Below_Poverty_Level`,`Percent_White_Population`,`Percent_Black_Population`,`Percent_Asian_Population`,`Percent_Other_Race_Population`) VALUES (60618,93957,69442,35,0.09,0.63,0.03,0.07,0.28);
INSERT INTO `Zipcode_Demographics` (`Zipcode`,`Population_2020`,`Median_HH_Income_2020`,`Median_Age_2020`,`Percent_HH_Below_Poverty_Level`,`Percent_White_Population`,`Percent_Black_Population`,`Percent_Asian_Population`,`Percent_Other_Race_Population`) VALUES (60619,61134,37428,42,0.27,0.01,0.97,0.00,0.03);
INSERT INTO `Zipcode_Demographics` (`Zipcode`,`Population_2020`,`Median_HH_Income_2020`,`Median_Age_2020`,`Percent_HH_Below_Poverty_Level`,`Percent_White_Population`,`Percent_Black_Population`,`Percent_Asian_Population`,`Percent_Other_Race_Population`) VALUES (60620,70770,36585,40,0.25,0.01,0.97,0.00,0.02);
INSERT INTO `Zipcode_Demographics` (`Zipcode`,`Population_2020`,`Median_HH_Income_2020`,`Median_Age_2020`,`Percent_HH_Below_Poverty_Level`,`Percent_White_Population`,`Percent_Black_Population`,`Percent_Asian_Population`,`Percent_Other_Race_Population`) VALUES (60621,33755,20790,33,0.39,0.01,0.97,0.00,0.02);
INSERT INTO `Zipcode_Demographics` (`Zipcode`,`Population_2020`,`Median_HH_Income_2020`,`Median_Age_2020`,`Percent_HH_Below_Poverty_Level`,`Percent_White_Population`,`Percent_Black_Population`,`Percent_Asian_Population`,`Percent_Other_Race_Population`) VALUES (60622,53443,95851,33,0.11,0.68,0.07,0.05,0.20);
INSERT INTO `Zipcode_Demographics` (`Zipcode`,`Population_2020`,`Median_HH_Income_2020`,`Median_Age_2020`,`Percent_HH_Below_Poverty_Level`,`Percent_White_Population`,`Percent_Black_Population`,`Percent_Asian_Population`,`Percent_Other_Race_Population`) VALUES (60623,100284,32283,29,0.30,0.31,0.37,0.00,0.32);
INSERT INTO `Zipcode_Demographics` (`Zipcode`,`Population_2020`,`Median_HH_Income_2020`,`Median_Age_2020`,`Percent_HH_Below_Poverty_Level`,`Percent_White_Population`,`Percent_Black_Population`,`Percent_Asian_Population`,`Percent_Other_Race_Population`) VALUES (60624,37087,24043,33,0.40,0.03,0.94,0.00,0.03);
INSERT INTO `Zipcode_Demographics` (`Zipcode`,`Population_2020`,`Median_HH_Income_2020`,`Median_Age_2020`,`Percent_HH_Below_Poverty_Level`,`Percent_White_Population`,`Percent_Black_Population`,`Percent_Asian_Population`,`Percent_Other_Race_Population`) VALUES (60625,75894,64234,35,0.14,0.56,0.04,0.17,0.24);
INSERT INTO `Zipcode_Demographics` (`Zipcode`,`Population_2020`,`Median_HH_Income_2020`,`Median_Age_2020`,`Percent_HH_Below_Poverty_Level`,`Percent_White_Population`,`Percent_Black_Population`,`Percent_Asian_Population`,`Percent_Other_Race_Population`) VALUES (60626,49863,41482,35,0.21,0.49,0.23,0.09,0.18);
INSERT INTO `Zipcode_Demographics` (`Zipcode`,`Population_2020`,`Median_HH_Income_2020`,`Median_Age_2020`,`Percent_HH_Below_Poverty_Level`,`Percent_White_Population`,`Percent_Black_Population`,`Percent_Asian_Population`,`Percent_Other_Race_Population`) VALUES (60628,67559,40552,39,0.23,0.02,0.94,0.00,0.04);
INSERT INTO `Zipcode_Demographics` (`Zipcode`,`Population_2020`,`Median_HH_Income_2020`,`Median_Age_2020`,`Percent_HH_Below_Poverty_Level`,`Percent_White_Population`,`Percent_Black_Population`,`Percent_Asian_Population`,`Percent_Other_Race_Population`) VALUES (60629,115698,44494,30,0.20,0.41,0.20,0.01,0.38);
INSERT INTO `Zipcode_Demographics` (`Zipcode`,`Population_2020`,`Median_HH_Income_2020`,`Median_Age_2020`,`Percent_HH_Below_Poverty_Level`,`Percent_White_Population`,`Percent_Black_Population`,`Percent_Asian_Population`,`Percent_Other_Race_Population`) VALUES (60630,55061,71437,40,0.10,0.69,0.01,0.13,0.16);
INSERT INTO `Zipcode_Demographics` (`Zipcode`,`Population_2020`,`Median_HH_Income_2020`,`Median_Age_2020`,`Percent_HH_Below_Poverty_Level`,`Percent_White_Population`,`Percent_Black_Population`,`Percent_Asian_Population`,`Percent_Other_Race_Population`) VALUES (60631,27706,92119,46,0.07,0.91,0.00,0.04,0.05);
INSERT INTO `Zipcode_Demographics` (`Zipcode`,`Population_2020`,`Median_HH_Income_2020`,`Median_Age_2020`,`Percent_HH_Below_Poverty_Level`,`Percent_White_Population`,`Percent_Black_Population`,`Percent_Asian_Population`,`Percent_Other_Race_Population`) VALUES (60632,92602,43676,29,0.19,0.48,0.02,0.04,0.47);
INSERT INTO `Zipcode_Demographics` (`Zipcode`,`Population_2020`,`Median_HH_Income_2020`,`Median_Age_2020`,`Percent_HH_Below_Poverty_Level`,`Percent_White_Population`,`Percent_Black_Population`,`Percent_Asian_Population`,`Percent_Other_Race_Population`) VALUES (60633,12782,55652,39,0.21,0.56,0.21,0.01,0.23);
INSERT INTO `Zipcode_Demographics` (`Zipcode`,`Population_2020`,`Median_HH_Income_2020`,`Median_Age_2020`,`Percent_HH_Below_Poverty_Level`,`Percent_White_Population`,`Percent_Black_Population`,`Percent_Asian_Population`,`Percent_Other_Race_Population`) VALUES (60634,73675,66165,40,0.10,0.74,0.01,0.05,0.20);
INSERT INTO `Zipcode_Demographics` (`Zipcode`,`Population_2020`,`Median_HH_Income_2020`,`Median_Age_2020`,`Percent_HH_Below_Poverty_Level`,`Percent_White_Population`,`Percent_Black_Population`,`Percent_Asian_Population`,`Percent_Other_Race_Population`) VALUES (60636,37135,29464,34,0.28,0.01,0.95,0.00,0.03);
INSERT INTO `Zipcode_Demographics` (`Zipcode`,`Population_2020`,`Median_HH_Income_2020`,`Median_Age_2020`,`Percent_HH_Below_Poverty_Level`,`Percent_White_Population`,`Percent_Black_Population`,`Percent_Asian_Population`,`Percent_Other_Race_Population`) VALUES (60637,51696,31682,33,0.31,0.15,0.76,0.05,0.04);
INSERT INTO `Zipcode_Demographics` (`Zipcode`,`Population_2020`,`Median_HH_Income_2020`,`Median_Age_2020`,`Percent_HH_Below_Poverty_Level`,`Percent_White_Population`,`Percent_Black_Population`,`Percent_Asian_Population`,`Percent_Other_Race_Population`) VALUES (60638,55568,69102,39,0.08,0.75,0.04,0.01,0.20);
INSERT INTO `Zipcode_Demographics` (`Zipcode`,`Population_2020`,`Median_HH_Income_2020`,`Median_Age_2020`,`Percent_HH_Below_Poverty_Level`,`Percent_White_Population`,`Percent_Black_Population`,`Percent_Asian_Population`,`Percent_Other_Race_Population`) VALUES (60639,91705,45135,31,0.20,0.37,0.15,0.01,0.47);
INSERT INTO `Zipcode_Demographics` (`Zipcode`,`Population_2020`,`Median_HH_Income_2020`,`Median_Age_2020`,`Percent_HH_Below_Poverty_Level`,`Percent_White_Population`,`Percent_Black_Population`,`Percent_Asian_Population`,`Percent_Other_Race_Population`) VALUES (60640,67684,55006,39,0.18,0.57,0.16,0.15,0.12);
INSERT INTO `Zipcode_Demographics` (`Zipcode`,`Population_2020`,`Median_HH_Income_2020`,`Median_Age_2020`,`Percent_HH_Below_Poverty_Level`,`Percent_White_Population`,`Percent_Black_Population`,`Percent_Asian_Population`,`Percent_Other_Race_Population`) VALUES (60641,71744,57868,35,0.13,0.63,0.02,0.05,0.30);
INSERT INTO `Zipcode_Demographics` (`Zipcode`,`Population_2020`,`Median_HH_Income_2020`,`Median_Age_2020`,`Percent_HH_Below_Poverty_Level`,`Percent_White_Population`,`Percent_Black_Population`,`Percent_Asian_Population`,`Percent_Other_Race_Population`) VALUES (60642,21514,94306,35,0.08,0.64,0.11,0.06,0.18);
INSERT INTO `Zipcode_Demographics` (`Zipcode`,`Population_2020`,`Median_HH_Income_2020`,`Median_Age_2020`,`Percent_HH_Below_Poverty_Level`,`Percent_White_Population`,`Percent_Black_Population`,`Percent_Asian_Population`,`Percent_Other_Race_Population`) VALUES (60643,47513,67011,43,0.15,0.23,0.73,0.01,0.03);
INSERT INTO `Zipcode_Demographics` (`Zipcode`,`Population_2020`,`Median_HH_Income_2020`,`Median_Age_2020`,`Percent_HH_Below_Poverty_Level`,`Percent_White_Population`,`Percent_Black_Population`,`Percent_Asian_Population`,`Percent_Other_Race_Population`) VALUES (60644,47124,30070,36,0.33,0.03,0.93,0.01,0.04);
INSERT INTO `Zipcode_Demographics` (`Zipcode`,`Population_2020`,`Median_HH_Income_2020`,`Median_Age_2020`,`Percent_HH_Below_Poverty_Level`,`Percent_White_Population`,`Percent_Black_Population`,`Percent_Asian_Population`,`Percent_Other_Race_Population`) VALUES (60645,44870,56264,36,0.19,0.52,0.12,0.21,0.15);
INSERT INTO `Zipcode_Demographics` (`Zipcode`,`Population_2020`,`Median_HH_Income_2020`,`Median_Age_2020`,`Percent_HH_Below_Poverty_Level`,`Percent_White_Population`,`Percent_Black_Population`,`Percent_Asian_Population`,`Percent_Other_Race_Population`) VALUES (60646,25532,101508,45,0.08,0.81,0.01,0.11,0.07);
INSERT INTO `Zipcode_Demographics` (`Zipcode`,`Population_2020`,`Median_HH_Income_2020`,`Median_Age_2020`,`Percent_HH_Below_Poverty_Level`,`Percent_White_Population`,`Percent_Black_Population`,`Percent_Asian_Population`,`Percent_Other_Race_Population`) VALUES (60647,91374,70426,33,0.12,0.59,0.06,0.03,0.32);
INSERT INTO `Zipcode_Demographics` (`Zipcode`,`Population_2020`,`Median_HH_Income_2020`,`Median_Age_2020`,`Percent_HH_Below_Poverty_Level`,`Percent_White_Population`,`Percent_Black_Population`,`Percent_Asian_Population`,`Percent_Other_Race_Population`) VALUES (60649,46164,31187,40,0.31,0.02,0.94,0.00,0.03);
INSERT INTO `Zipcode_Demographics` (`Zipcode`,`Population_2020`,`Median_HH_Income_2020`,`Median_Age_2020`,`Percent_HH_Below_Poverty_Level`,`Percent_White_Population`,`Percent_Black_Population`,`Percent_Asian_Population`,`Percent_Other_Race_Population`) VALUES (60651,63272,37709,33,0.25,0.17,0.59,0.01,0.23);
INSERT INTO `Zipcode_Demographics` (`Zipcode`,`Population_2020`,`Median_HH_Income_2020`,`Median_Age_2020`,`Percent_HH_Below_Poverty_Level`,`Percent_White_Population`,`Percent_Black_Population`,`Percent_Asian_Population`,`Percent_Other_Race_Population`) VALUES (60652,40443,73665,35,0.12,0.35,0.41,0.01,0.23);
INSERT INTO `Zipcode_Demographics` (`Zipcode`,`Population_2020`,`Median_HH_Income_2020`,`Median_Age_2020`,`Percent_HH_Below_Poverty_Level`,`Percent_White_Population`,`Percent_Black_Population`,`Percent_Asian_Population`,`Percent_Other_Race_Population`) VALUES (60653,30642,30423,38,0.35,0.04,0.92,0.01,0.04);
INSERT INTO `Zipcode_Demographics` (`Zipcode`,`Population_2020`,`Median_HH_Income_2020`,`Median_Age_2020`,`Percent_HH_Below_Poverty_Level`,`Percent_White_Population`,`Percent_Black_Population`,`Percent_Asian_Population`,`Percent_Other_Race_Population`) VALUES (60654,22026,121702,36,0.05,0.73,0.07,0.15,0.05);
INSERT INTO `Zipcode_Demographics` (`Zipcode`,`Population_2020`,`Median_HH_Income_2020`,`Median_Age_2020`,`Percent_HH_Below_Poverty_Level`,`Percent_White_Population`,`Percent_Black_Population`,`Percent_Asian_Population`,`Percent_Other_Race_Population`) VALUES (60655,27999,103434,38,0.05,0.88,0.08,0.01,0.04);
INSERT INTO `Zipcode_Demographics` (`Zipcode`,`Population_2020`,`Median_HH_Income_2020`,`Median_Age_2020`,`Percent_HH_Below_Poverty_Level`,`Percent_White_Population`,`Percent_Black_Population`,`Percent_Asian_Population`,`Percent_Other_Race_Population`) VALUES (60656,27769,64217,42,0.09,0.82,0.02,0.09,0.07);
INSERT INTO `Zipcode_Demographics` (`Zipcode`,`Population_2020`,`Median_HH_Income_2020`,`Median_Age_2020`,`Percent_HH_Below_Poverty_Level`,`Percent_White_Population`,`Percent_Black_Population`,`Percent_Asian_Population`,`Percent_Other_Race_Population`) VALUES (60657,69077,100094,33,0.08,0.84,0.03,0.08,0.05);
INSERT INTO `Zipcode_Demographics` (`Zipcode`,`Population_2020`,`Median_HH_Income_2020`,`Median_Age_2020`,`Percent_HH_Below_Poverty_Level`,`Percent_White_Population`,`Percent_Black_Population`,`Percent_Asian_Population`,`Percent_Other_Race_Population`) VALUES (60659,38366,53513,37,0.18,0.43,0.07,0.34,0.16);
INSERT INTO `Zipcode_Demographics` (`Zipcode`,`Population_2020`,`Median_HH_Income_2020`,`Median_Age_2020`,`Percent_HH_Below_Poverty_Level`,`Percent_White_Population`,`Percent_Black_Population`,`Percent_Asian_Population`,`Percent_Other_Race_Population`) VALUES (60660,42912,50149,37,0.16,0.57,0.13,0.16,0.13);
INSERT INTO `Zipcode_Demographics` (`Zipcode`,`Population_2020`,`Median_HH_Income_2020`,`Median_Age_2020`,`Percent_HH_Below_Poverty_Level`,`Percent_White_Population`,`Percent_Black_Population`,`Percent_Asian_Population`,`Percent_Other_Race_Population`) VALUES (60661,12680,117197,32,0.10,0.63,0.06,0.26,0.06);

# INSERT INTO WARD_INFORMATION TABLE #

INSERT INTO `Ward_Information` (`Ward`,`Alderman_ID`,`Address`,`City`,`State`,`Zipcode`,`Ward_Phone_Number`,`Ward_Email_Address`,`Ward_Website`,`W_Lattitude`,`W_Longitude`) VALUES (1,1,'1958 North Milwaukee Avenue','Chicago','IL',60647,'(872) 206-2685','info@the1stward.com','https://www.the1stward.com/','41.917215','-87.68799');
INSERT INTO `Ward_Information` (`Ward`,`Alderman_ID`,`Address`,`City`,`State`,`Zipcode`,`Ward_Phone_Number`,`Ward_Email_Address`,`Ward_Website`,`W_Lattitude`,`W_Longitude`) VALUES (2,2,'1400 North Ashland Avenue','Chicago','IL',60622,'(312) 643-2299','Ward02@cityofchicago.org','https://www.aldermanhopkins.com/','41.907081','-87.667668');
INSERT INTO `Ward_Information` (`Ward`,`Alderman_ID`,`Address`,`City`,`State`,`Zipcode`,`Ward_Phone_Number`,`Ward_Email_Address`,`Ward_Website`,`W_Lattitude`,`W_Longitude`) VALUES (3,3,'5046 South State Street','Chicago','IL',60609,'(773) 373-9273','Ward03@cityofchicago.org','http://www.ward03chicago.com','41.802934','-87.625955');
INSERT INTO `Ward_Information` (`Ward`,`Alderman_ID`,`Address`,`City`,`State`,`Zipcode`,`Ward_Phone_Number`,`Ward_Email_Address`,`Ward_Website`,`W_Lattitude`,`W_Longitude`) VALUES (4,4,'435 East 35th Street','Chicago','IL',60616,'(773) 536-8103','Ward04@cityofchicago.org','http://www.aldsophiaking.com','41.831135','-87.61541');
INSERT INTO `Ward_Information` (`Ward`,`Alderman_ID`,`Address`,`City`,`State`,`Zipcode`,`Ward_Phone_Number`,`Ward_Email_Address`,`Ward_Website`,`W_Lattitude`,`W_Longitude`) VALUES (5,5,'2325 East 71st Street','Chicago','IL',60649,'(773) 324-5555','Ward05@cityofchicago.org','http://leslieahairston.com/','41.766147','-87.567641');
INSERT INTO `Ward_Information` (`Ward`,`Alderman_ID`,`Address`,`City`,`State`,`Zipcode`,`Ward_Phone_Number`,`Ward_Email_Address`,`Ward_Website`,`W_Lattitude`,`W_Longitude`) VALUES (6,6,'700 East 79th Street','Chicago','IL',60619,'(773) 635-0006','Ward06@cityofchicago.org','http://www.6ward.com','41.75124','-87.607315');
INSERT INTO `Ward_Information` (`Ward`,`Alderman_ID`,`Address`,`City`,`State`,`Zipcode`,`Ward_Phone_Number`,`Ward_Email_Address`,`Ward_Website`,`W_Lattitude`,`W_Longitude`) VALUES (7,7,'2249 East 95th Street','Chicago','IL',60617,'(773) 731-7777','Alderman@gregmitchell7thward.org','http://www.gregmitchell7thward.org/','41.722546','-87.568167');
INSERT INTO `Ward_Information` (`Ward`,`Alderman_ID`,`Address`,`City`,`State`,`Zipcode`,`Ward_Phone_Number`,`Ward_Email_Address`,`Ward_Website`,`W_Lattitude`,`W_Longitude`) VALUES (8,8,'8539 South Cottage Grove Avenue','Chicago','IL',60619,'(773) 874-3300','Ward08@cityofchicago.org','http://www.Aldermanmichelleharris.net','41.7396','-87.604836');
INSERT INTO `Ward_Information` (`Ward`,`Alderman_ID`,`Address`,`City`,`State`,`Zipcode`,`Ward_Phone_Number`,`Ward_Email_Address`,`Ward_Website`,`W_Lattitude`,`W_Longitude`) VALUES (9,9,'34 East 112th Place','Chicago','IL',60628,'(773) 785-1100','Ward09@cityofchicago.org','http://www.Ward09.com','41.689882','-87.621593');
INSERT INTO `Ward_Information` (`Ward`,`Alderman_ID`,`Address`,`City`,`State`,`Zipcode`,`Ward_Phone_Number`,`Ward_Email_Address`,`Ward_Website`,`W_Lattitude`,`W_Longitude`) VALUES (10,10,'10500 South Ewing Avenue, 1st Floor','Chicago','IL',60617,'(773) 768-8138','Ward10@cityofchicago.org','https://www.aldssg.com/','41.704464','-87.535294');
INSERT INTO `Ward_Information` (`Ward`,`Alderman_ID`,`Address`,`City`,`State`,`Zipcode`,`Ward_Phone_Number`,`Ward_Email_Address`,`Ward_Website`,`W_Lattitude`,`W_Longitude`) VALUES (11,11,'3659 South Halsted Street','Chicago','IL',60609,'(773) 254-6677','Ward11@cityofchicago.org','http://www.ward11.org','41.827492','-87.646028');
INSERT INTO `Ward_Information` (`Ward`,`Alderman_ID`,`Address`,`City`,`State`,`Zipcode`,`Ward_Phone_Number`,`Ward_Email_Address`,`Ward_Website`,`W_Lattitude`,`W_Longitude`) VALUES (12,12,'3476 South Archer Avenue','Chicago','IL',60608,'(773) 523-8250','Ward12@cityofchicago.org','http://www.12thwardchicago.com/','41.830825','-87.677138');
INSERT INTO `Ward_Information` (`Ward`,`Alderman_ID`,`Address`,`City`,`State`,`Zipcode`,`Ward_Phone_Number`,`Ward_Email_Address`,`Ward_Website`,`W_Lattitude`,`W_Longitude`) VALUES (13,13,'6500 South Pulaski Road','Chicago','IL',60629,'(773) 581-8000','Ward13@cityofchicago.org','http://www.madigan-quinn.com/','41.774549','-87.722735');
INSERT INTO `Ward_Information` (`Ward`,`Alderman_ID`,`Address`,`City`,`State`,`Zipcode`,`Ward_Phone_Number`,`Ward_Email_Address`,`Ward_Website`,`W_Lattitude`,`W_Longitude`) VALUES (14,14,'2650 West 51st Street','Chicago','IL',60632,'(773) 471-1414','Ward14@cityofchicago.org','https://www.chicago.gov/city/en/about/wards/14.html','41.801073','-87.691151');
INSERT INTO `Ward_Information` (`Ward`,`Alderman_ID`,`Address`,`City`,`State`,`Zipcode`,`Ward_Phone_Number`,`Ward_Email_Address`,`Ward_Website`,`W_Lattitude`,`W_Longitude`) VALUES (15,15,'6412 South Ashland Avenue','Chicago','IL',60636,'(773) 823-1539','Ward15@cityofchicago.org','http://www.the15thward.org','41.777028','-87.664246');
INSERT INTO `Ward_Information` (`Ward`,`Alderman_ID`,`Address`,`City`,`State`,`Zipcode`,`Ward_Phone_Number`,`Ward_Email_Address`,`Ward_Website`,`W_Lattitude`,`W_Longitude`) VALUES (16,16,'5411 South Ashland Avenue','Chicago','IL',60609,'(773) 306-1981','Info@16thward.org','https://www.16thward.org','41.795321','-87.664521');
INSERT INTO `Ward_Information` (`Ward`,`Alderman_ID`,`Address`,`City`,`State`,`Zipcode`,`Ward_Phone_Number`,`Ward_Email_Address`,`Ward_Website`,`W_Lattitude`,`W_Longitude`) VALUES (17,17,'1344 West 79th Street','Chicago','IL',60636,'(773) 783-3672','Alderman@17ward.com','http://www.David.Moore@cityofchicago.org','41.75044','-87.657221');
INSERT INTO `Ward_Information` (`Ward`,`Alderman_ID`,`Address`,`City`,`State`,`Zipcode`,`Ward_Phone_Number`,`Ward_Email_Address`,`Ward_Website`,`W_Lattitude`,`W_Longitude`) VALUES (18,18,'8359 South Pulaski Road','Chicago','IL',60652,'(773) 284-5057','Ward18@cityofchicago.org','https://www.chicago.gov/city/en/about/wards/18.html','41.740812','-87.72154');
INSERT INTO `Ward_Information` (`Ward`,`Alderman_ID`,`Address`,`City`,`State`,`Zipcode`,`Ward_Phone_Number`,`Ward_Email_Address`,`Ward_Website`,`W_Lattitude`,`W_Longitude`) VALUES (19,19,'10400 South Western Avenue','Chicago','IL',60643,'(773) 238-8766','Ward19@cityofchicago.org','http://the19thward.com/','41.70449','-87.681569');
INSERT INTO `Ward_Information` (`Ward`,`Alderman_ID`,`Address`,`City`,`State`,`Zipcode`,`Ward_Phone_Number`,`Ward_Email_Address`,`Ward_Website`,`W_Lattitude`,`W_Longitude`) VALUES (20,20,'5707 South Wentworth Avenue','Chicago','IL',60621,'(773) 966-5336','Jeanette.Taylor@cityofchicago.org','https://www.chicago.gov/city/en/about/wards/20.html','41.7905','-87.630388');
INSERT INTO `Ward_Information` (`Ward`,`Alderman_ID`,`Address`,`City`,`State`,`Zipcode`,`Ward_Phone_Number`,`Ward_Email_Address`,`Ward_Website`,`W_Lattitude`,`W_Longitude`) VALUES (21,21,'9011 South Ashland Avenue, Unit B','Chicago','IL',60620,'(773) 881-9300','Ward21@cityofchicago.org','http://www.21Chicago.com','41.729853','-87.662843');
INSERT INTO `Ward_Information` (`Ward`,`Alderman_ID`,`Address`,`City`,`State`,`Zipcode`,`Ward_Phone_Number`,`Ward_Email_Address`,`Ward_Website`,`W_Lattitude`,`W_Longitude`) VALUES (22,22,'2500 South St. Louis Avenue','Chicago','IL',60623,'(773) 762-1771','Ward22@cityofchicago.org','https://www.chicago.gov/city/en/about/wards/22.html','41.845964','-87.712378');
INSERT INTO `Ward_Information` (`Ward`,`Alderman_ID`,`Address`,`City`,`State`,`Zipcode`,`Ward_Phone_Number`,`Ward_Email_Address`,`Ward_Website`,`W_Lattitude`,`W_Longitude`) VALUES (23,23,'6247 South Archer Avenue','Chicago','IL',60638,'(773) 582-4444','Ward23@cityofchicago.org','https://www.chicago.gov/city/en/about/wards/23.html','41.793505','-87.776464');
INSERT INTO `Ward_Information` (`Ward`,`Alderman_ID`,`Address`,`City`,`State`,`Zipcode`,`Ward_Phone_Number`,`Ward_Email_Address`,`Ward_Website`,`W_Lattitude`,`W_Longitude`) VALUES (24,24,'1158 South Keeler Street','Chicago','IL',60624,'(773) 533-2400','Ward24@cityofchicago.org','http://www.aldermanscott.com','41.86618','-87.730033');
INSERT INTO `Ward_Information` (`Ward`,`Alderman_ID`,`Address`,`City`,`State`,`Zipcode`,`Ward_Phone_Number`,`Ward_Email_Address`,`Ward_Website`,`W_Lattitude`,`W_Longitude`) VALUES (25,25,'1645 South Blue Island Avenue','Chicago','IL',60608,'(773) 523-4100','Inquiries@25thward.org','https://www.25thward.org','41.858836','-87.660336');
INSERT INTO `Ward_Information` (`Ward`,`Alderman_ID`,`Address`,`City`,`State`,`Zipcode`,`Ward_Phone_Number`,`Ward_Email_Address`,`Ward_Website`,`W_Lattitude`,`W_Longitude`) VALUES (26,26,'2511 West Division Street','Chicago','IL',60622,'(773) 395-0143','Ward26@cityofchicago.org','http://robertomaldonado.com','41.903011','-87.69');
INSERT INTO `Ward_Information` (`Ward`,`Alderman_ID`,`Address`,`City`,`State`,`Zipcode`,`Ward_Phone_Number`,`Ward_Email_Address`,`Ward_Website`,`W_Lattitude`,`W_Longitude`) VALUES (27,27,'4 North Western Avenue','Chicago','IL',60612,'(312) 432-1995','Ward27@cityofchicago.org','http://aldermanburnett.com/','41.881257','-87.686515');
INSERT INTO `Ward_Information` (`Ward`,`Alderman_ID`,`Address`,`City`,`State`,`Zipcode`,`Ward_Phone_Number`,`Ward_Email_Address`,`Ward_Website`,`W_Lattitude`,`W_Longitude`) VALUES (28,28,'2622 West Jackson Boulevard, Suite 200A','Chicago','IL',60612,'(773) 533-0900','Ward28@cityofchicago.org','http://www.AldermanErvin.com/','41.877516','-87.691743');
INSERT INTO `Ward_Information` (`Ward`,`Alderman_ID`,`Address`,`City`,`State`,`Zipcode`,`Ward_Phone_Number`,`Ward_Email_Address`,`Ward_Website`,`W_Lattitude`,`W_Longitude`) VALUES (29,29,'6272 West North Avenue','Chicago','IL',60639,'(773) 417-3302','Ward29@cityofchicago.org','http://www.aldtaliaferro.com','41.909239','-87.782838');
INSERT INTO `Ward_Information` (`Ward`,`Alderman_ID`,`Address`,`City`,`State`,`Zipcode`,`Ward_Phone_Number`,`Ward_Email_Address`,`Ward_Website`,`W_Lattitude`,`W_Longitude`) VALUES (30,30,'3559 North Milwaukee Avenue','Chicago','IL',60641,'(773) 794-3095','Ward30@cityofchicago.org','https://www.30thwardchicago.com/','41.945277','-87.733966');
INSERT INTO `Ward_Information` (`Ward`,`Alderman_ID`,`Address`,`City`,`State`,`Zipcode`,`Ward_Phone_Number`,`Ward_Email_Address`,`Ward_Website`,`W_Lattitude`,`W_Longitude`) VALUES (31,31,'4606 West Diversey Avenue','Chicago','IL',60639,'(773) 824-2000','Ward31@cityofchicago.org','https://www.felix31.org','41.93162','-87.74204');
INSERT INTO `Ward_Information` (`Ward`,`Alderman_ID`,`Address`,`City`,`State`,`Zipcode`,`Ward_Phone_Number`,`Ward_Email_Address`,`Ward_Website`,`W_Lattitude`,`W_Longitude`) VALUES (32,32,'2657 North Clybourn Avenue','Chicago','IL',60614,'(773) 248-1330','Ward32@cityofchicago.org','http://www.ward32.org','41.929837','-87.675268');
INSERT INTO `Ward_Information` (`Ward`,`Alderman_ID`,`Address`,`City`,`State`,`Zipcode`,`Ward_Phone_Number`,`Ward_Email_Address`,`Ward_Website`,`W_Lattitude`,`W_Longitude`) VALUES (33,33,'3001 West Irving Park Road','Chicago','IL',60618,'(773) 840-7880','Info@33rdward.org','https://www.chicago.gov/city/en/about/wards/33.html','41.95392','-87.703301');
INSERT INTO `Ward_Information` (`Ward`,`Alderman_ID`,`Address`,`City`,`State`,`Zipcode`,`Ward_Phone_Number`,`Ward_Email_Address`,`Ward_Website`,`W_Lattitude`,`W_Longitude`) VALUES (34,34,'507 West 111th Street','Chicago','IL',60628,'(773) 928-6961','Ward34@cityofchicago.org','http://www.34thward.org','41.692436','-87.635452');
INSERT INTO `Ward_Information` (`Ward`,`Alderman_ID`,`Address`,`City`,`State`,`Zipcode`,`Ward_Phone_Number`,`Ward_Email_Address`,`Ward_Website`,`W_Lattitude`,`W_Longitude`) VALUES (35,35,'2934 North Milwaukee Avenue, Unit C','Chicago','IL',60618,'(773) 887-3772','Ward35@cityofchicago.org','http://www.aldermancarlosrosa.org','41.934652','-87.716556');
INSERT INTO `Ward_Information` (`Ward`,`Alderman_ID`,`Address`,`City`,`State`,`Zipcode`,`Ward_Phone_Number`,`Ward_Email_Address`,`Ward_Website`,`W_Lattitude`,`W_Longitude`) VALUES (36,36,'6934 West Diversey Avenue','Chciago','IL',60607,'(773) 745-4636','Ward36@cityofchicago.org','http://www.36thward.org','41.93091','-87.79926');
INSERT INTO `Ward_Information` (`Ward`,`Alderman_ID`,`Address`,`City`,`State`,`Zipcode`,`Ward_Phone_Number`,`Ward_Email_Address`,`Ward_Website`,`W_Lattitude`,`W_Longitude`) VALUES (37,37,'5344 West North Avenue','Chicago','IL',60651,'(773) 379-0960','Ward37@cityofchicago.org','https://www.cityofchicago.org/city/en/about/wards/37.html','41.909514','-87.759726');
INSERT INTO `Ward_Information` (`Ward`,`Alderman_ID`,`Address`,`City`,`State`,`Zipcode`,`Ward_Phone_Number`,`Ward_Email_Address`,`Ward_Website`,`W_Lattitude`,`W_Longitude`) VALUES (38,38,'3821 North Harlem Avenue','Chicago','IL',60634,'(773) 283-3838','Ward38@cityofchicago.org','http://aldermansposato.com/','41.949577','-87.807131');
INSERT INTO `Ward_Information` (`Ward`,`Alderman_ID`,`Address`,`City`,`State`,`Zipcode`,`Ward_Phone_Number`,`Ward_Email_Address`,`Ward_Website`,`W_Lattitude`,`W_Longitude`) VALUES (39,39,'4200 West Lawrence Avenue','Chicago','IL',60630,'(773) 736-5594','Ward39@cityofchicago.org','http://www.ward39@cityofchicago.org','41.968209','-87.733182');
INSERT INTO `Ward_Information` (`Ward`,`Alderman_ID`,`Address`,`City`,`State`,`Zipcode`,`Ward_Phone_Number`,`Ward_Email_Address`,`Ward_Website`,`W_Lattitude`,`W_Longitude`) VALUES (40,40,'5620 North Western Avenue','Chicago','IL',60659,'(773) 654-1867','Info@40thward.org','http://www.40thward.org','41.983728','-87.689517');
INSERT INTO `Ward_Information` (`Ward`,`Alderman_ID`,`Address`,`City`,`State`,`Zipcode`,`Ward_Phone_Number`,`Ward_Email_Address`,`Ward_Website`,`W_Lattitude`,`W_Longitude`) VALUES (41,41,'7442 North Harlem Avenue','Chicago','IL',60631,'(773) 631-2241','Ward41@cityofchicago.org','http://www.chicago41.com','42.016669','-87.806594');
INSERT INTO `Ward_Information` (`Ward`,`Alderman_ID`,`Address`,`City`,`State`,`Zipcode`,`Ward_Phone_Number`,`Ward_Email_Address`,`Ward_Website`,`W_Lattitude`,`W_Longitude`) VALUES (42,42,'121 N LaSalle Street','Chicago','IL',60602,'(312) 642-4242','Ward42@cityofchicago.org','https://www.chicago.gov/city/en/about/wards/42.html','41.90016','-87.63273');
INSERT INTO `Ward_Information` (`Ward`,`Alderman_ID`,`Address`,`City`,`State`,`Zipcode`,`Ward_Phone_Number`,`Ward_Email_Address`,`Ward_Website`,`W_Lattitude`,`W_Longitude`) VALUES (43,43,'2523 North Halsted Street','Chicago','IL',60614,'(773) 348-9500','Ward43@cityofchicago.org','http://www.ward43.org/','41.928003','-87.648822');
INSERT INTO `Ward_Information` (`Ward`,`Alderman_ID`,`Address`,`City`,`State`,`Zipcode`,`Ward_Phone_Number`,`Ward_Email_Address`,`Ward_Website`,`W_Lattitude`,`W_Longitude`) VALUES (44,44,'3223 North Sheffield Avenue, Suite A','Chicago','IL',60657,'(773) 525-6034','Ward44@cityofchicago.org','http://44thward.org/','41.940497','-87.654108');
INSERT INTO `Ward_Information` (`Ward`,`Alderman_ID`,`Address`,`City`,`State`,`Zipcode`,`Ward_Phone_Number`,`Ward_Email_Address`,`Ward_Website`,`W_Lattitude`,`W_Longitude`) VALUES (45,45,'5425 West Lawrence Avenue','Chicago','IL',60630,'(773) 853-0799','ward45@cityofchicago.org','http://www.aldermangardiner.com','41.96774','-87.763536');
INSERT INTO `Ward_Information` (`Ward`,`Alderman_ID`,`Address`,`City`,`State`,`Zipcode`,`Ward_Phone_Number`,`Ward_Email_Address`,`Ward_Website`,`W_Lattitude`,`W_Longitude`) VALUES (46,46,'4544 North Broadway','Chicago','IL',60640,'(773) 878-4646','Ward46@cityofchicago.org','http://www.James46.org/','41.964476','-87.656865');
INSERT INTO `Ward_Information` (`Ward`,`Alderman_ID`,`Address`,`City`,`State`,`Zipcode`,`Ward_Phone_Number`,`Ward_Email_Address`,`Ward_Website`,`W_Lattitude`,`W_Longitude`) VALUES (47,47,'4243 North Lincoln Avenue','Chicago','IL',60618,'(773) 868-4747','info@aldermanmartin.com','http://www.aldermanmartin.com','41.958872','-87.682027');
INSERT INTO `Ward_Information` (`Ward`,`Alderman_ID`,`Address`,`City`,`State`,`Zipcode`,`Ward_Phone_Number`,`Ward_Email_Address`,`Ward_Website`,`W_Lattitude`,`W_Longitude`) VALUES (48,48,'5533 North Broadway','Chicago','IL',60640,'(773) 784-5277','Ward48@cityofchicago.org','http://www.48thward.org','41.982732','-87.659988');
INSERT INTO `Ward_Information` (`Ward`,`Alderman_ID`,`Address`,`City`,`State`,`Zipcode`,`Ward_Phone_Number`,`Ward_Email_Address`,`Ward_Website`,`W_Lattitude`,`W_Longitude`) VALUES (49,49,'1447 West Morse Avenue','Chicago','IL',60626,'(773) 338-5796','Office@49thward.org','http://www.49thward.org','42.007933','-87.666963');
INSERT INTO `Ward_Information` (`Ward`,`Alderman_ID`,`Address`,`City`,`State`,`Zipcode`,`Ward_Phone_Number`,`Ward_Email_Address`,`Ward_Website`,`W_Lattitude`,`W_Longitude`) VALUES (50,50,'2949 West Devon Avenue','Chicago','IL',60659,'(773) 262-1050','Ward50@cityofchicago.org','http://50thwardchicago.com','41.997486','-87.70365');


COMMIT;